date,day,sugar_grams_km,se,low_se,high_se,habitat,prop_sugar,prop_se,sugar_grams_m2,se_grams_m2
28/02/2019,0,147.7512,35.33758,112.41362,183.08878,garden,0.999354279,0.239007732,0.0075115,0.001796522
01/03/2019,1,149.5407,34.83238,114.70832,184.37308,garden,0.999146204,0.23272678,0.007602476,0.001770838
02/03/2019,2,151.352,34.31876,117.03324,185.67076,garden,0.998871236,0.226493578,0.00769456,0.001744726
03/03/2019,3,153.1852,33.79748,119.38772,186.98268,garden,0.998508005,0.220300726,0.007787758,0.001718225
04/03/2019,4,155.0406,33.2694,121.7712,188.31,garden,0.9980284,0.214156881,0.007882084,0.001691378
05/03/2019,5,156.9185,32.73553,124.18297,189.65403,garden,0.997395491,0.208071201,0.007977555,0.001664236
06/03/2019,6,158.8191,32.19712,126.62198,191.01622,garden,0.996560844,0.202028624,0.008074179,0.001636864
07/03/2019,7,160.7426,31.65568,129.08692,192.39828,garden,0.995461162,0.196043663,0.008171967,0.001609338
08/03/2019,8,162.6894,31.11295,131.57645,193.80235,garden,0.994014419,0.190096316,0.008270941,0.001581746
09/03/2019,9,164.6595,30.57093,134.08857,195.23043,garden,0.992114671,0.184196072,0.008371098,0.001554191
10/03/2019,10,166.6532,30.03187,136.62133,196.68507,garden,0.989625827,0.178333131,0.008472456,0.001526785
11/03/2019,11,168.6706,29.49821,139.17239,198.16881,garden,0.986374294,0.172503547,0.008575018,0.001499655
12/03/2019,12,170.712,28.97258,141.73942,199.68458,garden,0.982140668,0.166689181,0.0086788,0.001472932
13/03/2019,13,172.7773,28.45786,144.31944,201.23516,garden,0.976650642,0.160863119,0.008783798,0.001446765
14/03/2019,14,174.8669,27.95709,146.90981,202.82399,garden,0.969566204,0.155009817,0.008890031,0.001421306
15/03/2019,15,176.9807,27.47353,149.50717,204.45423,garden,0.960478058,0.149101409,0.008997494,0.001396722
16/03/2019,16,179.1189,27.01062,152.10828,206.12952,garden,0.948902098,0.143088295,0.009106197,0.001373189
17/03/2019,17,181.2814,26.57192,154.70948,207.85332,garden,0.934282678,0.136946494,0.009216136,0.001350886
18/03/2019,18,183.4684,26.16107,157.30733,209.62947,garden,0.916007789,0.130617,0.009327321,0.001329998
19/03/2019,19,185.6797,25.78176,159.89794,211.46146,garden,0.893440367,0.124052337,0.009439741,0.001310715
20/03/2019,20,187.9153,25.43761,162.47769,213.35291,garden,0.865971599,0.117226548,0.009553396,0.001293219
21/03/2019,21,190.1753,25.13217,165.04313,215.30747,garden,0.833100828,0.11009588,0.009668292,0.00127769
22/03/2019,22,192.4597,24.8688,167.5909,217.3285,garden,0.794548036,0.102666188,0.009784428,0.001264301
23/03/2019,23,194.7682,24.65057,170.11763,219.41877,garden,0.750354859,0.094967604,0.00990179,0.001253206
24/03/2019,24,197.1009,24.48021,172.62069,221.58111,garden,0.700969264,0.087062137,0.010020381,0.001244546
25/03/2019,25,199.4577,24.36001,175.09769,223.81771,garden,0.647282476,0.079053032,0.010140198,0.001238435
26/03/2019,26,201.8383,24.2917,177.5466,226.13,garden,0.590592517,0.071078596,0.010261225,0.001234962
27/03/2019,27,204.2427,24.27643,179.96627,228.51913,garden,0.532489957,0.063291947,0.010383462,0.001234186
28/03/2019,28,206.6707,24.3147,182.356,230.9854,garden,0.474683844,0.055845704,0.010506899,0.001236131
29/03/2019,29,209.122,24.40637,184.71563,233.52837,garden,0.41879916,0.048877062,0.01063152,0.001240792
30/03/2019,30,211.5963,24.55061,187.04569,236.14691,garden,0.366200076,0.042488608,0.010757311,0.001248125
31/03/2019,31,214.0931,24.746,189.3471,238.8391,garden,0.31787962,0.036742221,0.010884245,0.001258058
01/04/2019,32,216.6121,24.9905,191.6216,241.6026,garden,0.274426315,0.031660712,0.011012308,0.001270488
02/04/2019,33,219.1528,25.28152,193.87128,244.43432,garden,0.236055355,0.027231491,0.011141474,0.001285283
03/04/2019,34,221.7147,25.61606,196.09864,247.33076,garden,0.202681767,0.023417086,0.011271718,0.001302291
04/04/2019,35,224.2972,25.99074,198.30646,250.28794,garden,0.174008662,0.020163535,0.01140301,0.001321339
05/04/2019,36,226.8995,26.40195,200.49755,253.30145,garden,0.149611086,0.01740865,0.011535308,0.001342245
06/04/2019,37,229.521,26.8459,202.6751,256.3669,garden,0.129005841,0.015089163,0.011668582,0.001364814
07/04/2019,38,232.1608,27.31865,204.84215,259.47945,garden,0.111700683,0.013143946,0.011802786,0.001388849
08/04/2019,39,234.818,27.8162,207.0018,262.6342,garden,0.09722753,0.011517437,0.011937875,0.001414143
09/04/2019,40,237.4919,28.33449,209.15741,265.82639,garden,0.085160947,0.010160313,0.012073813,0.001440493
10/04/2019,41,240.1814,28.86957,211.31183,269.05097,garden,0.075126052,0.00903009,0.012210544,0.001467695
11/04/2019,42,242.8855,29.41758,213.46792,272.30308,garden,0.066800569,0.008090698,0.012348017,0.001495556
12/04/2019,43,245.603,29.97479,215.62821,275.57779,garden,0.059912099,0.007312007,0.012486172,0.001523884
13/04/2019,44,248.3329,30.53766,217.79524,278.87056,garden,0.054230513,0.006668757,0.012624957,0.001552499
14/04/2019,45,251.0738,31.10274,219.97106,282.17654,garden,0.049554635,0.006138775,0.012764301,0.001581227
15/04/2019,46,253.8246,31.66676,222.15784,285.49136,garden,0.045719815,0.00570393,0.012904148,0.001609901
16/04/2019,47,256.5838,32.22656,224.35724,288.81036,garden,0.042594591,0.005349816,0.013044423,0.001638361
17/04/2019,48,259.35,32.77921,226.57079,292.12921,garden,0.04007472,0.005065039,0.013185053,0.001666457
18/04/2019,49,262.1218,33.32194,228.79986,295.44374,garden,0.038078334,0.004840666,0.013325968,0.001694049
19/04/2019,50,264.8977,33.85215,231.04555,298.74985,garden,0.036539944,0.00466956,0.013467092,0.001721004
20/04/2019,51,267.6761,34.36747,233.30863,302.04357,garden,0.03540167,0.004545291,0.013608343,0.001747202
21/04/2019,52,270.4553,34.86569,235.58961,305.32099,garden,0.034617617,0.004462725,0.013749634,0.001772531
22/04/2019,53,273.2337,35.34475,237.88895,308.57845,garden,0.034153445,0.004417992,0.013890885,0.001796886
23/04/2019,54,276.0095,35.80272,240.20678,311.81222,garden,0.033984247,0.004408285,0.014032003,0.001820169
24/04/2019,55,278.7808,36.23784,242.54296,315.01864,garden,0.034092949,0.004431635,0.014172893,0.00184229
25/04/2019,56,281.5459,36.64848,244.89742,318.19438,garden,0.034469145,0.004486806,0.014313467,0.001863166
26/04/2019,57,284.3028,37.03332,247.26948,321.33612,garden,0.035108145,0.004573193,0.014453625,0.001882731
27/04/2019,58,287.0495,37.39131,249.65819,324.44081,garden,0.036009501,0.00469063,0.014593264,0.001900931
28/04/2019,59,289.7841,37.7216,252.0625,327.5057,garden,0.037174007,0.004838991,0.014732288,0.001917722
29/04/2019,60,292.5044,38.02362,254.48078,330.52802,garden,0.038605063,0.005018398,0.014870585,0.001933077
30/04/2019,61,295.2083,38.297,256.9113,333.5053,garden,0.040308836,0.005229217,0.015008048,0.001946975
01/05/2019,62,297.8936,38.54169,259.35191,336.43529,garden,0.042293612,0.00547198,0.015144565,0.001959415
02/05/2019,63,300.5582,38.75792,261.80028,339.31612,garden,0.04456916,0.005747331,0.015280031,0.001970408
03/05/2019,64,303.1997,38.94614,264.25356,342.14584,garden,0.047146039,0.006055926,0.015414321,0.001979977
04/05/2019,65,305.8159,39.10711,266.70879,344.92301,garden,0.050035382,0.006398419,0.015547326,0.00198816
05/05/2019,66,308.4044,39.24186,269.16254,347.64626,garden,0.053249812,0.006775587,0.015678922,0.001995011
06/05/2019,67,310.963,39.35162,271.61138,350.31462,garden,0.056801522,0.007188097,0.015808998,0.002000591
07/05/2019,68,313.4891,39.4378,274.0513,352.9269,garden,0.060700916,0.007636341,0.015937422,0.002004972
08/05/2019,69,315.9805,39.50197,276.47853,355.48247,garden,0.06495692,0.008120524,0.016064082,0.002008234
09/05/2019,70,318.4347,39.54595,278.88875,357.98065,garden,0.069581043,0.008641176,0.016188851,0.00201047
10/05/2019,71,320.8492,39.57175,281.27745,360.42095,garden,0.074588474,0.009199333,0.016311601,0.002011782
11/05/2019,72,323.2216,39.58156,283.64004,362.80316,garden,0.079993751,0.009796006,0.016432211,0.002012281
12/05/2019,73,325.5494,39.57773,285.97167,365.12713,garden,0.08580897,0.010431967,0.016550554,0.002012086
13/05/2019,74,327.8302,39.5627,288.2675,367.3929,garden,0.092043176,0.011107813,0.016666507,0.002011322
14/05/2019,75,330.0616,39.53899,290.52261,369.60059,garden,0.098701551,0.011823714,0.016779949,0.002010116
15/05/2019,76,332.2409,39.50925,292.73165,371.75015,garden,0.105785557,0.012579756,0.016890742,0.002008604
16/05/2019,77,334.3659,39.47616,294.88974,373.84206,garden,0.113295986,0.013376055,0.016998775,0.002006922
17/05/2019,78,336.434,39.44241,296.99159,375.87641,garden,0.121232541,0.014212897,0.017103915,0.002005206
18/05/2019,79,338.4428,39.41072,299.03208,377.85352,garden,0.129591145,0.01509051,0.01720604,0.002003595
19/05/2019,80,340.39,39.38372,301.00628,379.77372,garden,0.138363001,0.016008861,0.017305033,0.002002223
20/05/2019,81,342.2732,39.36395,302.90925,381.63715,garden,0.147534083,0.016967489,0.017400773,0.002001218
21/05/2019,82,344.0899,39.35378,304.73612,383.44368,garden,0.157084756,0.017965908,0.017493132,0.002000701
22/05/2019,83,345.838,39.35541,306.48259,385.19341,garden,0.166988487,0.019002838,0.017582003,0.002000783
23/05/2019,84,347.5149,39.37079,308.14411,386.88569,garden,0.177203988,0.020075821,0.017667255,0.002001565
24/05/2019,85,349.1184,39.40166,309.71674,388.52006,garden,0.187673506,0.02118086,0.017748775,0.002003135
25/05/2019,86,350.6464,39.44948,311.19692,390.09588,garden,0.198328021,0.022312847,0.017826457,0.002005566
26/05/2019,87,352.0966,39.51544,312.58116,391.61204,garden,0.209089749,0.02346597,0.017900183,0.002008919
27/05/2019,88,353.4672,39.6004,313.8668,393.0676,garden,0.219872851,0.024633285,0.017969863,0.002013238
28/05/2019,89,354.756,39.70485,315.05115,394.46085,garden,0.230583987,0.025807239,0.018035384,0.002018549
29/05/2019,90,355.9614,39.82893,316.13247,395.79033,garden,0.241124374,0.026979592,0.018096665,0.002024857
30/05/2019,91,357.0815,39.97243,317.10907,397.05393,garden,0.25138857,0.028140849,0.01815361,0.002032152
31/05/2019,92,358.1147,40.13477,317.97993,398.24947,garden,0.261259581,0.029279964,0.018206136,0.002040405
01/06/2019,93,359.0596,40.31508,318.74452,399.37468,garden,0.270611074,0.030384062,0.018254174,0.002049572
02/06/2019,94,359.9149,40.51217,319.40273,400.42707,garden,0.279313858,0.031439759,0.018297656,0.002059592
03/06/2019,95,360.6795,40.72454,319.95496,401.40404,garden,0.287239121,0.032432273,0.018336528,0.002070388
04/06/2019,96,361.3524,40.95041,320.40199,402.30281,garden,0.294259858,0.033347174,0.018370737,0.002081871
05/06/2019,97,361.9329,41.18782,320.74508,403.12072,garden,0.300252607,0.034168488,0.018400249,0.002093941
06/06/2019,98,362.4203,41.43462,320.98568,403.85492,garden,0.305103111,0.034881728,0.018425028,0.002106488
07/06/2019,99,362.8142,41.68847,321.12573,404.50267,garden,0.308726597,0.035473686,0.018445053,0.002119393
08/06/2019,100,363.1143,41.94692,321.16738,405.06122,garden,0.311072494,0.035935171,0.01846031,0.002132533
09/06/2019,101,363.3206,42.20749,321.11311,405.52809,garden,0.31210485,0.036257597,0.018470798,0.00214578
10/06/2019,102,363.433,42.46757,320.96543,405.90057,garden,0.311796719,0.036433679,0.018476512,0.002159002
11/06/2019,103,363.4518,42.72452,320.72728,406.17632,garden,0.310130769,0.03645649,0.018477468,0.002172065
12/06/2019,104,363.3771,42.97571,320.40139,406.35281,garden,0.307099465,0.036319841,0.018473671,0.002184835
13/06/2019,105,363.2096,43.21866,319.99094,406.42826,garden,0.302716593,0.036020665,0.018465155,0.002197187
14/06/2019,106,362.95,43.451,319.499,406.401,garden,0.297047465,0.035561357,0.018451957,0.002208998
15/06/2019,107,362.5994,43.67052,318.92888,406.26992,garden,0.290187888,0.034949574,0.018434133,0.002220159
16/06/2019,108,362.1586,43.8751,318.2835,406.0337,garden,0.282282657,0.034198109,0.018411723,0.002230559
17/06/2019,109,361.6288,44.06267,317.56613,405.69147,garden,0.273491242,0.033323535,0.018384789,0.002240095
18/06/2019,110,361.0113,44.23126,316.78004,405.24256,garden,0.263974663,0.032342218,0.018353396,0.002248666
19/06/2019,111,360.3073,44.37898,315.92832,404.68628,garden,0.253900729,0.031272903,0.018317605,0.002256176
20/06/2019,112,359.5179,44.50402,315.01388,404.02192,garden,0.243463994,0.030137933,0.018277473,0.002262533
21/06/2019,113,358.6447,44.60468,314.04002,403.24938,garden,0.232856124,0.028960416,0.018233081,0.00226765
22/06/2019,114,357.6889,44.67939,313.00951,402.36829,garden,0.222258283,0.027762574,0.018184489,0.002271448
23/06/2019,115,356.6521,44.72667,311.92543,401.37877,garden,0.211851295,0.026567635,0.018131779,0.002273852
24/06/2019,116,355.5357,44.74517,310.79053,400.28087,garden,0.201798442,0.025396903,0.018075023,0.002274793
25/06/2019,117,354.3412,44.7337,309.6075,399.0749,garden,0.192240611,0.024269306,0.018014296,0.002274209
26/06/2019,118,353.0705,44.69135,308.37915,397.76185,garden,0.183296651,0.023201575,0.017949695,0.002272056
27/06/2019,119,351.7253,44.61753,307.10777,396.34283,garden,0.175065202,0.022207551,0.017881307,0.002268304
28/06/2019,120,350.3076,44.5118,305.7958,394.8194,garden,0.167627285,0.021299575,0.017809232,0.002262928
29/06/2019,121,348.8195,44.37407,304.44543,393.19357,garden,0.161045137,0.020486932,0.017733579,0.002255926
30/06/2019,122,347.2631,44.20451,303.05859,391.46761,garden,0.155353295,0.019775534,0.017654453,0.002247306
01/07/2019,123,345.6409,44.00346,301.63744,389.64436,garden,0.150578441,0.019170105,0.017571983,0.002237085
02/07/2019,124,343.9549,43.77141,300.18349,387.72631,garden,0.146748024,0.018675045,0.017486268,0.002225288
03/07/2019,125,342.2075,43.50895,298.69855,385.71645,garden,0.143885595,0.018293927,0.017397433,0.002211945
04/07/2019,126,340.401,43.21685,297.18415,383.61785,garden,0.141990472,0.018026918,0.017305592,0.002197095
05/07/2019,127,338.5377,42.89613,295.64157,381.43383,garden,0.141066856,0.017874596,0.017210864,0.00218079
06/07/2019,128,336.6203,42.54812,294.07218,379.16842,garden,0.141134415,0.017839132,0.017113386,0.002163097
07/07/2019,129,334.6512,42.17437,292.47683,376.82557,garden,0.142229721,0.017924488,0.017013279,0.002144096
08/07/2019,130,332.633,41.77658,290.85642,374.40958,garden,0.144408753,0.018136817,0.016910676,0.002123873
09/07/2019,131,330.5684,41.35655,289.21185,371.92495,garden,0.147749219,0.018484544,0.016805714,0.002102519
10/07/2019,132,328.4599,40.91624,287.54366,369.37614,garden,0.152341247,0.018977145,0.016698521,0.002080134
11/07/2019,133,326.3102,40.45776,285.85244,366.76796,garden,0.15825158,0.019620924,0.016589232,0.002056826
12/07/2019,134,324.1219,39.98337,284.13853,364.10527,garden,0.165555673,0.020422791,0.016477982,0.002032708
13/07/2019,135,321.8977,39.4955,282.4022,361.3932,garden,0.174348424,0.021391845,0.016364906,0.002007905
14/07/2019,136,319.6404,38.99662,280.64378,358.63702,garden,0.184729986,0.022537355,0.016250147,0.001982543
15/07/2019,137,317.3525,38.48921,278.86329,355.84171,garden,0.196762664,0.023863765,0.016133833,0.001956747
16/07/2019,138,315.0367,37.97575,277.06095,353.01245,garden,0.210493348,0.025373721,0.016016101,0.001930643
17/07/2019,139,312.6955,37.45882,275.23668,350.15432,garden,0.225947565,0.027067078,0.015897077,0.001904363
18/07/2019,140,310.3316,36.94105,273.39055,347.27265,garden,0.243087935,0.02893657,0.015776899,0.00187804
19/07/2019,141,307.9474,36.42503,271.52237,344.37243,garden,0.261820561,0.030968993,0.015655689,0.001851806
20/07/2019,142,305.5456,35.91337,269.63223,341.45897,garden,0.281971747,0.033142474,0.015533584,0.001825794
21/07/2019,143,303.1287,35.40857,267.72013,338.53727,garden,0.30328389,0.035426684,0.015410712,0.001800131
22/07/2019,144,300.699,34.91301,265.78599,335.61201,garden,0.325430057,0.037784275,0.015287189,0.001774937
23/07/2019,145,298.2589,34.42894,263.82996,332.68784,garden,0.34802331,0.040173375,0.015163137,0.001750327
24/07/2019,146,295.8109,33.95853,261.85237,329.76943,garden,0.370636567,0.042548636,0.015038683,0.001726412
25/07/2019,147,293.3571,33.50375,259.85335,326.86085,garden,0.392844708,0.044866261,0.014913935,0.001703292
26/07/2019,148,290.8998,33.06643,257.83337,323.96623,garden,0.41421866,0.04708374,0.014789009,0.001681059
27/07/2019,149,288.441,32.64819,255.79281,321.08919,garden,0.43433205,0.049161483,0.014664006,0.001659796
28/07/2019,150,285.9831,32.25051,253.73259,318.23361,garden,0.452774062,0.051059738,0.014539049,0.001639579
29/07/2019,151,283.5279,31.87457,251.65333,315.40247,garden,0.469156997,0.052742961,0.01441423,0.001620466
30/07/2019,152,281.0774,31.52135,249.55605,312.59875,garden,0.483121031,0.054179256,0.014289649,0.001602509
31/07/2019,153,278.6336,31.19155,247.44205,309.82515,garden,0.494359815,0.0553411,0.014165409,0.001585742
01/08/2019,154,276.1983,30.88562,245.31268,307.08392,garden,0.502725693,0.056217174,0.014041601,0.001570189
02/08/2019,155,273.7732,30.60373,243.16947,304.37693,garden,0.508225407,0.056812111,0.013918312,0.001555858
03/08/2019,156,271.36,30.3458,241.0142,301.7058,garden,0.510900407,0.057133336,0.013795628,0.001542745
04/08/2019,157,268.9605,30.11147,238.84903,299.07197,garden,0.510793571,0.057186291,0.01367364,0.001530832
05/08/2019,158,266.5761,29.90009,236.67601,296.47619,garden,0.50794599,0.056972509,0.01355242,0.001520086
06/08/2019,159,264.2084,29.71082,234.49758,293.91922,garden,0.502397627,0.056495361,0.013432049,0.001510464
07/08/2019,160,261.8589,29.54256,232.31634,291.40146,garden,0.494214201,0.055756575,0.013312603,0.00150191
08/08/2019,161,259.5287,29.39408,230.13462,288.92278,garden,0.483564717,0.054768309,0.013194138,0.001494361
09/08/2019,162,257.2194,29.26394,227.95546,286.48334,garden,0.47065387,0.053546022,0.013076736,0.001487745
10/08/2019,163,254.9319,29.15059,225.78131,284.08249,garden,0.455718027,0.052109349,0.012960442,0.001481982
11/08/2019,164,252.6674,29.05233,223.61507,281.71973,garden,0.439077863,0.050486508,0.012845318,0.001476987
12/08/2019,165,250.4271,28.96738,221.45972,279.39448,garden,0.421087792,0.048707831,0.012731423,0.001472668
13/08/2019,166,248.2118,28.89387,219.31793,277.10567,garden,0.40211494,0.046809749,0.0126188,0.001468931
14/08/2019,167,246.0227,28.8299,217.1928,274.8526,garden,0.382532652,0.044826599,0.012507509,0.001465679
15/08/2019,168,243.8606,28.77354,215.08706,272.63414,garden,0.362708656,0.042796713,0.01239759,0.001462813
16/08/2019,169,241.7262,28.72287,213.00333,270.44907,garden,0.342983359,0.040754597,0.01228908,0.001460237
17/08/2019,170,239.6204,28.67601,210.94439,268.29641,garden,0.323651625,0.038732501,0.012182023,0.001457855
18/08/2019,171,237.5439,28.6311,208.9128,266.175,garden,0.304974845,0.036758665,0.012076457,0.001455572
19/08/2019,172,235.4972,28.58633,206.91087,264.08353,garden,0.28718085,0.034860222,0.011972405,0.001453296
20/08/2019,173,233.4812,28.53997,204.94123,262.02117,garden,0.270461573,0.03306026,0.011869914,0.001450939
21/08/2019,174,231.4963,28.49037,203.00593,259.98667,garden,0.254971332,0.031379606,0.011769004,0.001448417
22/08/2019,175,229.5428,28.43603,201.10677,257.97883,garden,0.240829364,0.029834279,0.01166969,0.001445655
23/08/2019,176,227.6213,28.37552,199.24578,255.99682,garden,0.2281242,0.028438332,0.011572003,0.001442579
24/08/2019,177,225.7321,28.30753,197.42457,254.03963,garden,0.21691911,0.027202246,0.011475958,0.001439122
25/08/2019,178,223.8754,28.23087,195.64453,252.10627,garden,0.207237445,0.026132789,0.011381566,0.001435225
26/08/2019,179,222.0516,28.14447,193.90713,250.19607,garden,0.199010645,0.025223995,0.011288846,0.001430832
27/08/2019,180,220.2608,28.04735,192.21345,248.30815,garden,0.192157346,0.024468772,0.011197804,0.001425895
28/08/2019,181,218.5033,27.93862,190.56468,246.44192,garden,0.186609019,0.023860537,0.011108454,0.001420367
29/08/2019,182,216.7792,27.81756,188.96164,244.59676,garden,0.182310946,0.023394596,0.011020803,0.001414213
30/08/2019,183,215.0886,27.68358,187.40502,242.77218,garden,0.179203987,0.023064872,0.010934855,0.001407401
31/08/2019,184,213.4314,27.53622,185.89518,240.96762,garden,0.177168484,0.022857678,0.010850605,0.00139991
01/09/2019,185,211.8077,27.37523,184.43247,239.18293,garden,0.176083552,0.022758116,0.010768058,0.001391725
02/09/2019,186,210.2173,27.20044,183.01686,237.41774,garden,0.17584253,0.022752596,0.010687204,0.001382839
03/09/2019,187,208.66,27.0118,181.6482,235.6718,garden,0.176349388,0.02282906,0.010608033,0.001373249
04/09/2019,188,207.1358,26.80945,180.32635,233.94525,garden,0.177515555,0.022975804,0.010530544,0.001362961
05/09/2019,189,205.6443,26.5937,179.0506,232.238,garden,0.179247006,0.023180099,0.010454718,0.001351993
06/09/2019,190,204.1852,26.36504,177.82016,230.55024,garden,0.181412555,0.023424655,0.010380539,0.001340368
07/09/2019,191,202.758,26.12408,176.63392,228.88208,garden,0.183863839,0.023689767,0.010307982,0.001328118
08/09/2019,192,201.3623,25.8716,175.4907,227.2339,garden,0.186427983,0.023952695,0.010237026,0.001315282
09/09/2019,193,199.9977,25.6085,174.3892,225.6062,garden,0.188919837,0.024190051,0.010167651,0.001301906
10/09/2019,194,198.6637,25.33579,173.32791,223.99949,garden,0.191146685,0.024377189,0.010099832,0.001288042
11/09/2019,195,197.3599,25.05466,172.30524,222.41456,garden,0.192909761,0.024489685,0.010033549,0.00127375
12/09/2019,196,196.0857,24.7664,171.3193,220.8521,garden,0.194015496,0.024505037,0.00996877,0.001259095
13/09/2019,197,194.8406,24.47245,170.36815,219.31305,garden,0.194317013,0.024406781,0.00990547,0.001244151
14/09/2019,198,193.6241,24.17435,169.44975,217.79845,garden,0.19373889,0.024188764,0.009843625,0.001228996
15/09/2019,199,192.4359,23.87376,168.56214,216.30966,garden,0.192277828,0.023854059,0.009783218,0.001213714
16/09/2019,200,191.2754,23.57251,167.70289,214.84791,garden,0.18995257,0.023409454,0.00972422,0.001198399
17/09/2019,201,190.1421,23.27253,166.86957,213.41463,garden,0.18679094,0.022862332,0.009666604,0.001183148
18/09/2019,202,189.0357,22.97601,166.05969,212.01171,garden,0.182847288,0.022223829,0.009610356,0.001168074
19/09/2019,203,187.9554,22.68533,165.27007,210.64073,garden,0.1782694,0.021516237,0.009555435,0.001153296
20/09/2019,204,186.9008,22.40304,164.49776,209.30384,garden,0.173289547,0.020771428,0.00950182,0.001138945
21/09/2019,205,185.8711,22.13187,163.73923,208.00297,garden,0.168143222,0.020021031,0.009449471,0.001125159
22/09/2019,206,184.8657,21.87464,162.99106,206.74034,garden,0.163047715,0.019292942,0.009398358,0.001112081
23/09/2019,207,183.8841,21.63425,162.24985,205.51835,garden,0.158200719,0.018612604,0.009348454,0.00109986
24/09/2019,208,182.9257,21.41373,161.51197,204.33943,garden,0.153780885,0.018001906,0.009299731,0.001088649
25/09/2019,209,181.9898,21.21617,160.77363,203.20597,garden,0.149950505,0.017481007,0.00925215,0.001078605
26/09/2019,210,181.0757,21.04472,160.03098,202.12042,garden,0.146859887,0.017068097,0.009205679,0.001069889
27/09/2019,211,180.1829,20.90252,159.28038,201.08542,garden,0.144654009,0.016780912,0.00916029,0.00106266
28/09/2019,212,179.3105,20.79264,158.51786,200.10314,garden,0.143485534,0.016638365,0.009115938,0.001057074
29/09/2019,213,178.4578,20.71798,157.73982,199.17578,garden,0.143544273,0.016664669,0.009072588,0.001053278
30/09/2019,214,177.6242,20.68125,156.94295,198.30545,garden,0.145049884,0.016888523,0.009030208,0.001051411
01/10/2019,215,176.8088,20.68488,156.12392,197.49368,garden,0.148262514,0.017345247,0.008988754,0.001051595
02/10/2019,216,176.0109,20.73095,155.27995,196.74185,garden,0.153503857,0.018080038,0.00894819,0.001053937
03/10/2019,217,175.2299,20.82116,154.40874,196.05106,garden,0.16118178,0.019151884,0.008908485,0.001058524
04/10/2019,218,174.4649,20.95679,153.50811,195.42169,garden,0.171813847,0.020638444,0.008869593,0.001065419
05/10/2019,219,173.7153,21.13866,152.57664,194.85396,garden,0.186037633,0.022638087,0.008831484,0.001074665
06/10/2019,220,172.9803,21.36714,151.61316,194.34744,garden,0.204646211,0.025278769,0.008794118,0.001086281
07/10/2019,221,172.2591,21.6421,150.617,193.9012,garden,0.228568597,0.028716796,0.008757453,0.001100259
08/10/2019,222,171.5512,21.96299,149.58821,193.51419,garden,0.258891788,0.033144619,0.008721464,0.001116573
09/10/2019,223,170.8557,22.32885,148.52685,193.18455,garden,0.296810398,0.038789898,0.008686106,0.001135173
10/10/2019,224,170.172,22.73835,147.43365,192.91035,garden,0.343441499,0.045890448,0.008651347,0.001155991
11/10/2019,225,169.4995,23.18986,146.30964,192.68936,garden,0.399418567,0.054645445,0.008617158,0.001178946
12/10/2019,226,168.8374,23.68149,145.15591,192.51889,garden,0.464488657,0.065150787,0.008583498,0.00120394
13/10/2019,227,168.1851,24.21113,143.97397,192.39623,garden,0.536955347,0.077298732,0.008550336,0.001230866
14/10/2019,228,167.542,24.77654,142.76546,192.31854,garden,0.613572558,0.09073595,0.008517641,0.001259611
15/10/2019,229,166.9074,25.37535,141.53205,192.28275,garden,0.689892714,0.104883949,0.008485379,0.001290053
16/10/2019,230,166.2807,26.00513,140.27557,192.28583,garden,0.761149967,0.119038024,0.008453518,0.001322071
17/10/2019,231,165.6613,26.66341,138.99789,192.32471,garden,0.823406368,0.132527649,0.008422028,0.001355537
18/10/2019,232,165.0486,27.34774,137.70086,192.39634,garden,0.874411833,0.144882087,0.00839088,0.001390327
19/10/2019,233,164.442,28.05568,136.38632,192.49768,garden,0.913800041,0.155906464,0.008360041,0.001426318
20/10/2019,234,163.841,28.78487,135.05613,192.62587,garden,0.942670929,0.165619703,0.008329487,0.001463389
21/10/2019,235,163.245,29.53302,133.71198,192.77802,garden,0.962908058,0.174200136,0.008299187,0.001501425
22/10/2019,236,162.6535,30.29793,132.35557,192.95143,garden,0.976569389,0.181911098,0.008269115,0.001540312
23/10/2019,237,162.0661,31.07751,130.98859,193.14361,garden,0.985505095,0.188982956,0.008239253,0.001579945
24/10/2019,238,161.4823,31.86979,129.61251,193.35209,garden,0.991196255,0.195625438,0.008209573,0.001620223
25/10/2019,239,160.9018,32.67297,128.22883,193.57477,garden,0.994739489,0.201994475,0.008180061,0.001661056
26/10/2019,240,160.3242,33.48534,126.83886,193.80954,garden,0.996902394,0.208210829,0.008150696,0.001702356
27/10/2019,241,159.7492,34.30539,125.44381,194.05459,garden,0.998199992,0.21435617,0.008121464,0.001744046
28/10/2019,242,159.1767,35.1317,124.045,194.3084,garden,0.998966516,0.220487182,0.008092359,0.001786055
29/10/2019,243,158.6064,35.96296,122.64344,194.56936,garden,0.999413065,0.226614844,0.008063366,0.001828315
30/10/2019,244,158.0381,36.79808,121.24002,194.83618,garden,0.999669954,0.232769449,0.008034474,0.001870772
31/10/2019,245,157.4719,37.63617,119.83573,195.10807,garden,0.99981606,0.238956927,0.008005689,0.001913379
28/02/2019,0,0.1,7.77E-02,0.0223,0.1777,farm,0.000645721,0.000525528,5.08388E-06,3.95018E-06
01/03/2019,1,0.13,9.82E-02,0.0318,0.2282,farm,0.000853796,0.000656107,6.60905E-06,4.99237E-06
02/03/2019,2,0.17,1.24E-01,0.046,0.294,farm,0.001128764,0.000818363,8.6426E-06,6.30402E-06
03/03/2019,3,0.23,1.57E-01,0.073,0.387,farm,0.001491995,0.001023367,1.16929E-05,7.9817E-06
04/03/2019,4,0.31,1.99E-01,0.111,0.509,farm,0.0019716,0.001280973,1.576E-05,1.01169E-05
05/03/2019,5,0.41,2.52E-01,0.158,0.662,farm,0.002604509,0.001601744,2.08439E-05,1.28114E-05
06/03/2019,6,0.55,3.21E-01,0.229,0.871,farm,0.003439156,0.002014192,2.79614E-05,1.63193E-05
07/03/2019,7,0.73,4.11E-01,0.319,1.141,farm,0.004538838,0.002545323,3.71124E-05,2.08948E-05
08/03/2019,8,0.98,5.30E-01,0.45,1.51,farm,0.005985581,0.003238235,4.98221E-05,2.69446E-05
09/03/2019,9,1.31,6.87E-01,0.623,1.997,farm,0.007885329,0.004139315,6.65989E-05,3.49263E-05
10/03/2019,10,1.75,8.98E-01,0.852,2.648,farm,0.010374173,0.00533244,8.8968E-05,4.56533E-05
11/03/2019,11,2.33,1.18E+00,1.15,3.51,farm,0.013625706,0.006900561,0.000118454,5.99898E-05
12/03/2019,12,3.1,1.56E+00,1.54,4.66,farm,0.017859332,0.008975215,0.0001576,7.93086E-05
13/03/2019,13,4.13,2.07E+00,2.06,6.2,farm,0.023349358,0.011701043,0.000209964,0.000105236
14/03/2019,14,5.49,2.76E+00,2.73,8.25,farm,0.030433796,0.015302991,0.000279105,0.000140315
15/03/2019,15,7.28,3.69E+00,3.59,10.97,farm,0.039521942,0.020025974,0.000370107,0.000187595
16/03/2019,16,9.65,4.92E+00,4.73,14.57,farm,0.051097902,0.026063615,0.000490595,0.000250127
17/03/2019,17,12.75,6.56E+00,6.19,19.31,farm,0.065717322,0.033808961,0.000648195,0.000333503
18/03/2019,18,16.82,8.73E+00,8.09,25.55,farm,0.083992211,0.043587147,0.000855109,0.000443823
19/03/2019,19,22.15,1.16E+01,10.55,33.75,farm,0.106559633,0.055814929,0.00112608,0.000589731
20/03/2019,20,29.08,1.52E+01,13.88,44.28,farm,0.134028401,0.0700476,0.001478393,0.00077275
21/03/2019,21,38.1,1.99E+01,18.2,58,farm,0.166899172,0.087175441,0.00193696,0.001011693
22/03/2019,22,49.77,2.60E+01,23.77,75.77,farm,0.205451964,0.107336136,0.002530249,0.00132181
23/03/2019,23,64.8,3.36E+01,31.2,98.4,farm,0.249645141,0.129445749,0.003294357,0.001708185
24/03/2019,24,84.08,4.31E+01,40.98,127.18,farm,0.299030736,0.153282104,0.00427453,0.002191154
25/03/2019,25,108.69,5.50E+01,53.69,163.69,farm,0.352717524,0.178485836,0.005525674,0.002796136
26/03/2019,26,139.92,6.97E+01,70.22,209.62,farm,0.409407483,0.203945303,0.007113371,0.003543467
27/03/2019,27,179.32,8.76E+01,91.72,266.92,farm,0.467510043,0.228385085,0.009116421,0.004453482
28/03/2019,28,228.72,1.09E+02,119.72,337.72,farm,0.525316156,0.250349858,0.01162786,0.005541434
29/03/2019,29,290.22,1.36E+02,154.22,426.22,farm,0.58120084,0.272358424,0.014754448,0.006914082
30/03/2019,30,366.22,1.68E+02,198.22,534.22,farm,0.633799924,0.290749846,0.0186182,0.008540925
31/03/2019,31,459.41,2.07E+02,252.41,666.41,farm,0.68212038,0.307348251,0.023355872,0.01052364
01/04/2019,32,572.71,2.55E+02,317.71,827.71,farm,0.725573685,0.32306203,0.029115913,0.012963904
02/04/2019,33,709.24,3.13E+02,396.24,1022.24,farm,0.763944645,0.337141779,0.03605694,0.015912557
03/04/2019,34,872.19,3.83E+02,489.19,1255.19,farm,0.797318233,0.350121907,0.044341129,0.019471276
04/04/2019,35,1064.7,4.69E+02,595.7,1533.7,farm,0.825991338,0.363848735,0.054128114,0.023843416
05/04/2019,36,1289.7,5.73E+02,716.7,1862.7,farm,0.850388914,0.37781893,0.065566853,0.029130656
06/04/2019,37,1549.63,6.98E+02,851.63,2247.63,farm,0.870994159,0.392321956,0.078781393,0.035485511
07/04/2019,38,1846.26,8.47E+02,999.26,2693.26,farm,0.888299317,0.407520941,0.093861718,0.043060498
08/04/2019,39,2180.32,1.02E+03,1160.32,3200.32,farm,0.90277247,0.422336115,0.110844942,0.051855618
09/04/2019,40,2551.25,1.22E+03,1331.25,3771.25,farm,0.914839053,0.437473256,0.129702593,0.062023386
10/04/2019,41,2956.86,1.45E+03,1506.86,4406.86,farm,0.924873948,0.45354433,0.150323335,0.073716319
11/04/2019,42,3393.09,1.70E+03,1693.09,5093.09,farm,0.933199431,0.467549905,0.172500763,0.086426029
12/04/2019,43,3853.79,1.97E+03,1883.79,5823.79,farm,0.940087901,0.480558951,0.195922217,0.100152517
13/04/2019,44,4330.88,2.25E+03,2080.88,6580.88,farm,0.945769487,0.491350817,0.220176919,0.114387392
14/04/2019,45,4815.53,2.54E+03,2275.53,7355.53,farm,0.950445365,0.50132201,0.244815963,0.129130656
15/04/2019,46,5297.92,2.82E+03,2477.92,8117.92,farm,0.954280185,0.507948438,0.269340112,0.143365531
16/04/2019,47,5767.28,3.08E+03,2687.28,8847.28,farm,0.957405409,0.511299741,0.29320183,0.15658363
17/04/2019,48,6212.31,3.32E+03,2892.31,9532.31,farm,0.95992528,0.513005937,0.31582664,0.168784952
18/04/2019,49,6621.63,3.52E+03,3101.63,10141.63,farm,0.961921666,0.511349058,0.336635994,0.17895272
19/04/2019,50,6984.64,3.68E+03,3304.64,10664.64,farm,0.963460056,0.507618575,0.355091002,0.187086934
20/04/2019,51,7293.44,3.80E+03,3493.44,11093.44,farm,0.96459833,0.502571307,0.370790036,0.193187595
21/04/2019,52,7542.19,3.86E+03,3682.19,11402.19,farm,0.965382383,0.494070811,0.383436197,0.196237926
22/04/2019,53,7726.95,3.88E+03,3846.95,11606.95,farm,0.965846555,0.484988863,0.392829181,0.197254703
23/04/2019,54,7845.68,3.85E+03,3995.68,11695.68,farm,0.966015753,0.474039299,0.398865277,0.195729537
24/04/2019,55,7898.3,3.79E+03,4108.3,11688.3,farm,0.965907051,0.463490589,0.401540417,0.192679207
25/04/2019,56,7886.51,3.69E+03,4196.51,11576.51,farm,0.965530855,0.451759886,0.400941027,0.187595323
26/04/2019,57,7813.61,3.56E+03,4253.61,11373.61,farm,0.964891855,0.439619454,0.397234875,0.180986274
27/04/2019,58,7684.44,3.41E+03,4274.44,11094.44,farm,0.963990499,0.427774508,0.390668022,0.173360447
28/04/2019,59,7505.56,3.25E+03,4255.56,10755.56,farm,0.962825993,0.416915528,0.381573971,0.165226233
29/04/2019,60,7284.34,3.08E+03,4204.34,10364.34,farm,0.961394937,0.406501683,0.370327402,0.15658363
30/04/2019,61,7028.45,2.91E+03,4118.45,9938.45,farm,0.959691164,0.397342405,0.357318251,0.147941027
01/05/2019,62,6745.57,2.75E+03,3995.57,9495.57,farm,0.957706388,0.390432911,0.34293696,0.139806812
02/05/2019,63,6443.08,2.59E+03,3853.08,9033.08,farm,0.95543084,0.384065681,0.327558719,0.131672598
03/05/2019,64,6127.88,2.43E+03,3697.88,8557.88,farm,0.952853961,0.377852571,0.311534316,0.123538383
04/05/2019,65,5806.18,2.28E+03,3526.18,8086.18,farm,0.949964618,0.373036899,0.295179461,0.115912557
05/05/2019,66,5483.25,2.14E+03,3343.25,7623.25,farm,0.946750188,0.369497185,0.278762074,0.108795119
06/05/2019,67,5163.59,2.00E+03,3163.59,7163.59,farm,0.943198478,0.36532663,0.26251093,0.101677682
07/05/2019,68,4851,1.87E+03,2981,6721,farm,0.939299084,0.362088091,0.246619217,0.095068632
08/05/2019,69,4548.48,1.74E+03,2808.48,6288.48,farm,0.93504308,0.357696398,0.231239451,0.088459583
09/05/2019,70,4258.02,1.61E+03,2648.02,5868.02,farm,0.930418957,0.351800707,0.216472801,0.081850534
10/05/2019,71,3980.74,1.49E+03,2490.74,5470.74,farm,0.925411526,0.346383611,0.202376207,0.075749873
11/05/2019,72,3717.36,1.38E+03,2337.36,5097.36,farm,0.920006249,0.341534991,0.188986274,0.0701576
12/05/2019,73,3468.34,1.27E+03,2198.34,4738.34,farm,0.91419103,0.33474882,0.176326385,0.064565328
13/05/2019,74,3233.87,1.17E+03,2063.87,4403.87,farm,0.907956824,0.328494801,0.164406202,0.059481444
14/05/2019,75,3013.98,1.07E+03,1943.98,4083.98,farm,0.901298449,0.319972096,0.15322725,0.05439756
15/05/2019,76,2808.46,9.84E+02,1824.46,3792.46,farm,0.894214443,0.313305861,0.142778851,0.050025419
16/05/2019,77,2616.89,9.04E+02,1712.89,3520.89,farm,0.886704014,0.306310273,0.133039654,0.045958312
17/05/2019,78,2438.68,8.33E+02,1605.68,3271.68,farm,0.878767459,0.300167849,0.123979664,0.042348754
18/05/2019,79,2273.18,7.70E+02,1503.18,3043.18,farm,0.870408855,0.294835839,0.115565836,0.039145907
19/05/2019,80,2119.73,7.14E+02,1405.73,2833.73,farm,0.861636999,0.290229745,0.107764616,0.036298932
20/05/2019,81,1977.69,6.65E+02,1312.69,2642.69,farm,0.852465917,0.286642478,0.100543467,0.033807829
21/05/2019,82,1846.38,6.23E+02,1223.38,2469.38,farm,0.842915244,0.28441386,0.093867819,0.031672598
22/05/2019,83,1725.19,5.85E+02,1140.19,2310.19,farm,0.833011513,0.282468417,0.08770666,0.029740722
23/05/2019,84,1613.59,5.52E+02,1061.59,2165.59,farm,0.822796012,0.281473979,0.082033045,0.02806304
24/05/2019,85,1511.13,5.23E+02,988.13,2034.13,farm,0.812326494,0.281145249,0.076824098,0.026588714
25/05/2019,86,1417.37,4.97E+02,920.37,1914.37,farm,0.801671979,0.28110599,0.072057448,0.025266904
26/05/2019,87,1331.85,4.73E+02,858.85,1804.85,farm,0.790910251,0.280887767,0.06770971,0.024046772
27/05/2019,88,1254.13,4.51E+02,803.13,1705.13,farm,0.780127149,0.280542912,0.063758516,0.022928317
28/05/2019,89,1183.76,4.30E+02,753.76,1613.76,farm,0.769416013,0.279490106,0.060180986,0.021860702
29/05/2019,90,1120.3,4.10E+02,710.3,1530.3,farm,0.758875626,0.277728592,0.056954753,0.020843925
30/05/2019,91,1063.36,3.91E+02,672.36,1454.36,farm,0.74861143,0.275266528,0.05405999,0.019877987
31/05/2019,92,1012.61,3.73E+02,639.61,1385.61,farm,0.738740419,0.272118829,0.051479919,0.018962888
01/06/2019,93,967.79,3.56E+02,611.79,1323.79,farm,0.729388926,0.268304712,0.049201322,0.018098627
02/06/2019,94,928.65,3.40E+02,588.65,1268.65,farm,0.720686142,0.26385943,0.04721149,0.017285206
03/06/2019,95,895,3.25E+02,570,1220,farm,0.712760879,0.258824007,0.045500763,0.016522623
04/06/2019,96,866.65,3.11E+02,555.65,1177.65,farm,0.705740142,0.253256834,0.044059481,0.01581088
05/06/2019,97,843.5,2.99E+02,544.5,1142.5,farm,0.699747393,0.24804367,0.042882562,0.015200813
06/06/2019,98,825.44,2.89E+02,536.44,1114.44,farm,0.694896889,0.243294603,0.041964413,0.014692425
07/06/2019,99,812.38,2.81E+02,531.38,1093.38,farm,0.691273403,0.239109417,0.041300458,0.014285714
08/06/2019,100,804.18,2.75E+02,529.18,1079.18,farm,0.688927506,0.235587546,0.040883579,0.013980681
09/06/2019,101,800.78,2.71E+02,529.78,1071.78,farm,0.68789515,0.23279775,0.040710727,0.013777326
10/06/2019,102,802.18,2.71E+02,531.18,1073.18,farm,0.688203281,0.232495691,0.040781901,0.013777326
11/06/2019,103,808.48,2.72E+02,536.48,1080.48,farm,0.689869231,0.232095417,0.041102186,0.013828165
12/06/2019,104,819.88,2.77E+02,542.88,1096.88,farm,0.692900535,0.234099588,0.041681749,0.014082359
13/06/2019,105,836.62,2.85E+02,551.62,1121.62,farm,0.697283407,0.23753373,0.042532791,0.01448907
14/06/2019,106,858.91,2.96E+02,562.91,1154.91,farm,0.702952535,0.242253613,0.043665989,0.015048297
15/06/2019,107,886.93,3.09E+02,577.93,1195.93,farm,0.709812112,0.247293101,0.045090493,0.015709202
16/06/2019,108,920.81,3.26E+02,594.81,1246.81,farm,0.717717343,0.254098191,0.046812913,0.016573462
17/06/2019,109,960.64,3.45E+02,615.64,1305.64,farm,0.726508758,0.260915179,0.048837824,0.0175394
18/06/2019,110,1006.59,3.67E+02,639.59,1373.59,farm,0.736025337,0.268353065,0.051173869,0.018657855
19/06/2019,111,1058.78,3.92E+02,666.78,1450.78,farm,0.746099271,0.276233886,0.053827148,0.019928826
20/06/2019,112,1117.16,4.19E+02,698.16,1536.16,farm,0.756536006,0.28374502,0.056795119,0.021301474
21/06/2019,113,1181.55,4.47E+02,734.55,1628.55,farm,0.767143876,0.290223048,0.060068632,0.022724962
22/06/2019,114,1251.65,4.78E+02,773.65,1729.65,farm,0.777741717,0.297016371,0.063632435,0.024300966
23/06/2019,115,1326.85,5.09E+02,817.85,1835.85,farm,0.788148705,0.302345925,0.067455516,0.02587697
24/06/2019,116,1406.3,5.42E+02,864.3,1948.3,farm,0.798201558,0.30763368,0.071494662,0.027554652
25/06/2019,117,1488.88,5.75E+02,913.88,2063.88,farm,0.807759389,0.311953877,0.075692933,0.029232334
26/06/2019,118,1573.15,6.07E+02,966.15,2180.15,farm,0.816703349,0.315124878,0.079977123,0.030859176
27/06/2019,119,1657.39,6.39E+02,1018.39,2296.39,farm,0.824934798,0.318050437,0.084259786,0.032486019
28/06/2019,120,1739.49,6.69E+02,1070.49,2408.49,farm,0.832372715,0.320126696,0.088433655,0.034011185
29/06/2019,121,1817.15,6.97E+02,1120.15,2514.15,farm,0.838954863,0.321795852,0.0923818,0.035434672
30/06/2019,122,1888.05,7.22E+02,1166.05,2610.05,farm,0.844646705,0.322997257,0.095986274,0.036705643
01/07/2019,123,1949.78,7.42E+02,1207.78,2691.78,farm,0.849421559,0.323252263,0.099124555,0.03772242
02/07/2019,124,1999.89,7.59E+02,1240.89,2758.89,farm,0.853251976,0.323826888,0.101672089,0.03858668
03/07/2019,125,2036.12,7.71E+02,1265.12,2807.12,farm,0.856114405,0.324177389,0.103513981,0.039196746
04/07/2019,126,2056.95,7.77E+02,1279.95,2833.95,farm,0.858009528,0.324107734,0.104572954,0.039501779
05/07/2019,127,2061.3,7.79E+02,1282.3,2840.3,farm,0.858933144,0.324605285,0.104794103,0.039603457
06/07/2019,128,2048.48,7.75E+02,1273.48,2823.48,farm,0.858865585,0.324933924,0.104142349,0.039400102
07/07/2019,129,2018.24,7.66E+02,1252.24,2784.24,farm,0.857770279,0.325556915,0.102604982,0.038942552
08/07/2019,130,1970.78,7.51E+02,1219.78,2721.78,farm,0.855591247,0.326037927,0.100192171,0.038179969
09/07/2019,131,1906.79,7.30E+02,1176.79,2636.79,farm,0.852250781,0.326277632,0.096938993,0.037112354
10/07/2019,132,1827.62,7.03E+02,1124.62,2530.62,farm,0.847658753,0.326054707,0.092914082,0.035739705
11/07/2019,133,1735.66,6.70E+02,1065.66,2405.66,farm,0.84174842,0.324931951,0.088238943,0.034062023
12/07/2019,134,1633.66,6.33E+02,1000.66,2266.66,farm,0.834444327,0.323325085,0.083053381,0.032180986
13/07/2019,135,1524.39,5.91E+02,933.39,2115.39,farm,0.825651576,0.320101791,0.077498221,0.030045755
14/07/2019,136,1410.67,5.47E+02,863.67,1957.67,farm,0.815270014,0.316128251,0.071716828,0.027808846
15/07/2019,137,1295.52,5.02E+02,793.52,1797.52,farm,0.803237336,0.311245929,0.065862735,0.025521098
16/07/2019,138,1181.62,4.56E+02,725.62,1637.62,farm,0.789506652,0.304679089,0.060072191,0.023182511
17/07/2019,139,1071.23,4.11E+02,660.23,1482.23,farm,0.774052435,0.296981304,0.054460092,0.020894764
18/07/2019,140,966.29,3.69E+02,597.29,1335.29,farm,0.756912065,0.289044146,0.049125064,0.018759532
19/07/2019,141,868.23,3.29E+02,539.23,1197.23,farm,0.738179439,0.279719709,0.044139807,0.016725979
20/07/2019,142,778.06,2.92E+02,486.06,1070.06,farm,0.718028253,0.269470737,0.039555669,0.014844942
21/07/2019,143,696.36,2.60E+02,436.36,956.36,farm,0.69671611,0.260133006,0.035402135,0.013218099
22/07/2019,144,623.31,2.31E+02,392.31,854.31,farm,0.674569943,0.249997565,0.031688358,0.011743772
23/07/2019,145,558.75,2.06E+02,352.75,764.75,farm,0.65197669,0.240370899,0.028406202,0.010472801
24/07/2019,146,502.3,1.85E+02,317.3,687.3,farm,0.629363433,0.23179736,0.02553635,0.009405186
25/07/2019,147,453.39,1.68E+02,285.39,621.39,farm,0.607155292,0.224975765,0.023049822,0.008540925
26/07/2019,148,411.39,1.53E+02,258.39,564.39,farm,0.58578134,0.217858781,0.020914591,0.007778343
27/07/2019,149,375.66,1.40E+02,235.66,515.66,farm,0.56566795,0.210811307,0.019098119,0.007117438
28/07/2019,150,345.64,1.30E+02,215.64,475.64,farm,0.547225938,0.205818945,0.017571937,0.006609049
29/07/2019,151,320.81,1.22E+02,198.81,442.81,farm,0.530843003,0.201873819,0.016309609,0.006202339
30/07/2019,152,300.72,1.15E+02,185.72,415.72,farm,0.516878969,0.19766331,0.015288256,0.005846467
31/07/2019,153,284.99,1.10E+02,174.99,394.99,farm,0.505640185,0.19516571,0.014488561,0.005592272
01/08/2019,154,273.2,1.06E+02,167.2,379.2,farm,0.497274307,0.192938347,0.013889171,0.005388917
02/08/2019,155,264.91,1.02E+02,162.91,366.91,farm,0.491774593,0.189350624,0.013467717,0.005185562
03/08/2019,156,259.78,1.00E+02,159.78,359.78,farm,0.489099593,0.188274278,0.013206914,0.005083884
04/08/2019,157,257.59,9.92E+01,158.39,356.79,farm,0.489206429,0.188395985,0.013095577,0.005043213
05/08/2019,158,258.24,9.89E+01,159.34,357.14,farm,0.49205401,0.188446963,0.013128622,0.005027961
06/08/2019,159,261.69,9.95E+01,162.19,361.19,farm,0.497602373,0.189200043,0.013304016,0.005058465
07/08/2019,160,267.99,1.01E+02,166.99,368.99,farm,0.505785799,0.190620383,0.013624301,0.005134723
08/08/2019,161,277.17,1.04E+02,173.17,381.17,farm,0.516435283,0.193777253,0.014091002,0.005287239
09/08/2019,162,289.3,1.08E+02,181.3,397.3,farm,0.52934613,0.197614211,0.014707677,0.005490595
10/08/2019,163,304.48,1.13E+02,191.48,417.48,farm,0.544281973,0.201997848,0.01547941,0.005744789
11/08/2019,164,322.78,1.19E+02,203.78,441.78,farm,0.560922137,0.206795617,0.016409761,0.006049822
12/08/2019,165,344.29,1.28E+02,216.29,472.29,farm,0.578912208,0.215228383,0.017503305,0.006507372
13/08/2019,166,369.05,1.38E+02,231.05,507.05,farm,0.59788506,0.223568023,0.018762074,0.00701576
14/08/2019,167,397.12,1.50E+02,247.12,547.12,farm,0.617467348,0.233229733,0.02018912,0.007625826
15/08/2019,168,428.47,1.65E+02,263.47,593.47,farm,0.637291344,0.245414979,0.021782918,0.008388409
16/08/2019,169,463.05,1.82E+02,281.05,645.05,farm,0.657016641,0.258238005,0.023540925,0.009252669
17/08/2019,170,500.74,2.01E+02,299.74,701.74,farm,0.676348375,0.271489399,0.025457041,0.010218607
18/08/2019,171,541.35,2.23E+02,318.35,764.35,farm,0.695025155,0.286303436,0.027521607,0.011337062
19/08/2019,172,584.53,2.47E+02,337.53,831.53,farm,0.71281915,0.301209521,0.029716828,0.012557194
20/08/2019,173,629.79,2.73E+02,356.79,902.79,farm,0.729538427,0.316238976,0.032017794,0.013879004
21/08/2019,174,676.43,3.00E+02,376.43,976.43,farm,0.745028668,0.330423295,0.034388917,0.015251652
22/08/2019,175,723.59,3.27E+02,396.59,1050.59,farm,0.759170636,0.34307916,0.036786477,0.016624301
23/08/2019,176,770.17,3.55E+02,415.17,1125.17,farm,0.7718758,0.355785824,0.03915455,0.018047789
24/08/2019,177,814.9,3.80E+02,434.9,1194.9,farm,0.78308089,0.365162674,0.041428571,0.01931876
25/08/2019,178,856.41,4.02E+02,454.41,1258.41,farm,0.792762555,0.372123885,0.043538892,0.020437214
26/08/2019,179,893.73,4.21E+02,472.73,1314.73,farm,0.800989355,0.377313983,0.045436197,0.021403152
27/08/2019,180,925.99,4.35E+02,490.99,1360.99,farm,0.807842654,0.379498099,0.047076258,0.022114896
28/08/2019,181,952.41,4.43E+02,509.41,1395.41,farm,0.813390981,0.378337149,0.04841942,0.022521607
29/08/2019,182,972.28,4.46E+02,526.28,1418.28,farm,0.817689054,0.375086455,0.049429588,0.022674123
30/08/2019,183,985.16,4.43E+02,542.16,1428.16,farm,0.820796013,0.369090203,0.050084392,0.022521607
31/08/2019,184,991.25,4.34E+02,557.25,1425.25,farm,0.822831516,0.360261228,0.050394001,0.022064057
01/09/2019,185,991.07,4.22E+02,569.07,1413.07,farm,0.823916448,0.350825358,0.05038485,0.021453991
02/09/2019,186,985.27,4.06E+02,579.27,1391.27,farm,0.82415747,0.339610467,0.050089985,0.020640569
03/09/2019,187,974.56,3.89E+02,585.56,1363.56,farm,0.823650612,0.328763882,0.049545501,0.019776309
04/09/2019,188,959.72,3.71E+02,588.72,1330.72,farm,0.822484445,0.317948456,0.048791052,0.01886121
05/09/2019,189,941.62,3.53E+02,588.62,1294.62,farm,0.820752994,0.307688472,0.047870869,0.017946111
06/09/2019,190,921.34,3.37E+02,584.34,1258.34,farm,0.818587445,0.299415775,0.046839858,0.017132689
07/09/2019,191,900,3.24E+02,576,1224,farm,0.816136161,0.293808796,0.045754957,0.016471784
08/09/2019,192,878.75,3.15E+02,563.75,1193.75,farm,0.813572017,0.291636342,0.044674631,0.016014235
09/09/2019,193,858.64,3.09E+02,549.64,1167.64,farm,0.811080163,0.291884561,0.043652262,0.015709202
10/09/2019,194,840.66,3.07E+02,533.66,1147.66,farm,0.808853315,0.295384393,0.04273818,0.015607524
11/09/2019,195,825.71,3.08E+02,517.71,1133.71,farm,0.807090239,0.301054698,0.041978139,0.015658363
12/09/2019,196,814.58,3.12E+02,502.58,1126.58,farm,0.805984504,0.308707419,0.041412303,0.015861718
13/09/2019,197,807.85,3.18E+02,489.85,1125.85,farm,0.805682987,0.317146685,0.041070158,0.016166751
14/09/2019,198,805.78,3.26E+02,479.78,1131.78,farm,0.80626111,0.326194379,0.040964921,0.016573462
15/09/2019,199,808.39,3.35E+02,473.39,1143.39,farm,0.807722172,0.334723552,0.041097611,0.017031012
16/09/2019,200,815.69,3.45E+02,470.69,1160.69,farm,0.81004743,0.34261356,0.041468734,0.0175394
17/09/2019,201,827.8,3.56E+02,471.8,1183.8,farm,0.81320906,0.349725196,0.042084392,0.018098627
18/09/2019,202,844.81,3.66E+02,478.81,1210.81,farm,0.817152712,0.354018013,0.042949161,0.018607016
19/09/2019,203,866.38,3.77E+02,489.38,1243.38,farm,0.8217306,0.357571224,0.044045755,0.019166243
20/09/2019,204,891.65,3.86E+02,505.65,1277.65,farm,0.826710453,0.35788764,0.045330452,0.019623793
21/09/2019,205,919.56,3.95E+02,524.56,1314.56,farm,0.831856778,0.357326657,0.046749365,0.020081342
22/09/2019,206,948.95,4.02E+02,546.95,1350.95,farm,0.836952285,0.354554977,0.048243518,0.020437214
23/09/2019,207,978.46,4.07E+02,571.46,1385.46,farm,0.841799281,0.350154485,0.049743772,0.020691408
24/09/2019,208,1006.6,4.10E+02,596.6,1416.6,farm,0.846219115,0.344675193,0.051174377,0.020843925
25/09/2019,209,1031.68,4.11E+02,620.68,1442.68,farm,0.850049495,0.338642356,0.052449415,0.020894764
26/09/2019,210,1051.91,4.09E+02,642.91,1460.91,farm,0.853140113,0.33171512,0.053477885,0.020793086
27/09/2019,211,1065.43,4.05E+02,660.43,1470.43,farm,0.855345991,0.325141141,0.054165226,0.020589731
28/09/2019,212,1070.37,3.98E+02,672.37,1468.37,farm,0.856514466,0.318481404,0.05441637,0.020233859
29/09/2019,213,1064.77,3.90E+02,674.77,1454.77,farm,0.856455727,0.313699549,0.054131673,0.019827148
30/09/2019,214,1046.95,3.80E+02,666.95,1426.95,farm,0.854950116,0.310311944,0.053225724,0.01931876
01/10/2019,215,1015.73,3.68E+02,647.73,1383.73,farm,0.851737486,0.308585347,0.051638536,0.018708693
02/10/2019,216,970.61,3.54E+02,616.61,1324.61,farm,0.846496143,0.308733253,0.049344687,0.01799695
03/10/2019,217,911.93,3.38E+02,573.93,1249.93,farm,0.83881822,0.310901828,0.046361464,0.017183528
04/10/2019,218,840.96,3.20E+02,520.96,1160.96,farm,0.828186153,0.315139012,0.042753432,0.016268429
05/10/2019,219,760.05,2.97E+02,463.05,1057.05,farm,0.813962367,0.318067077,0.038640061,0.015099136
06/10/2019,220,672.28,2.72E+02,400.28,944.28,farm,0.795353789,0.321794363,0.034177936,0.013828165
07/10/2019,221,581.38,2.43E+02,338.38,824.38,farm,0.771431403,0.3224355,0.029556685,0.012353838
08/10/2019,222,491.09,2.13E+02,278.09,704.09,farm,0.741108212,0.321440925,0.024966446,0.010828673
09/10/2019,223,404.78,1.81E+02,223.78,585.78,farm,0.703189602,0.31443498,0.020578546,0.00920183
10/10/2019,224,325.32,1.50E+02,175.32,475.32,farm,0.656558501,0.302729408,0.016538892,0.007625826
11/10/2019,225,254.87,1.21E+02,133.87,375.87,farm,0.600581433,0.285128879,0.012957295,0.0061515
12/10/2019,226,194.65,9.47E+01,99.95,289.35,farm,0.535511343,0.260531727,0.00989578,0.004814438
13/10/2019,227,145.03,7.21E+01,72.93,217.13,farm,0.463044653,0.230193244,0.007373157,0.00366548
14/10/2019,228,105.52,5.34E+01,52.12,158.92,farm,0.386427442,0.195559983,0.005364514,0.002714794
15/10/2019,229,75.03,3.86E+01,36.43,113.63,farm,0.310107286,0.159545403,0.003814438,0.001962379
16/10/2019,230,52.18,2.72E+01,24.98,79.38,farm,0.238850033,0.12450752,0.002652771,0.001382816
17/10/2019,231,35.53,1.88E+01,16.73,54.33,farm,0.176593632,0.093443404,0.001806304,0.00095577
18/10/2019,232,23.71,1.27E+01,11.01,36.41,farm,0.125588167,0.067281703,0.001205389,0.000645653
19/10/2019,233,15.51,8.38E+00,7.13,23.89,farm,0.086199959,0.046567974,0.00078851,0.000426029
20/10/2019,234,9.96,5.45E+00,4.51,15.41,farm,0.057329071,0.031357702,0.000506355,0.000277072
21/10/2019,235,6.29,3.48E+00,2.81,9.77,farm,0.037091942,0.020526735,0.000319776,0.000176919
22/10/2019,236,3.9,2.19E+00,1.71,6.09,farm,0.023430611,0.013148928,0.000198271,0.000111337
23/10/2019,237,2.38,1.36E+00,1.02,3.74,farm,0.014494905,0.008270187,0.000120996,6.91408E-05
24/10/2019,238,1.43,8.31E-01,0.599,2.261,farm,0.008803745,0.005100904,7.26995E-05,4.22471E-05
25/10/2019,239,0.85,5.03E-01,0.347,1.353,farm,0.005260511,0.003109703,4.3213E-05,2.55719E-05
26/10/2019,240,0.5,3.01E-01,0.199,0.801,farm,0.003097606,0.001871609,2.54194E-05,1.53025E-05
27/10/2019,241,0.29,1.79E-01,0.111,0.469,farm,0.001800008,0.001118476,1.47433E-05,9.10015E-06
28/10/2019,242,0.16,1.05E-01,0.055,0.265,farm,0.001033484,0.000658982,8.13421E-06,5.33808E-06
29/10/2019,243,0.09,6.13E-02,0.0287,0.1513,farm,0.000586935,0.000386272,4.5755E-06,3.11642E-06
30/10/2019,244,0.05,3.55E-02,0.0145,0.0855,farm,0.000330046,0.000224558,2.54194E-06,1.80478E-06
31/10/2019,245,0.03,2.05E-02,0.0095,0.0505,farm,0.00018394,0.000130157,1.52517E-06,1.0422E-06
