Garden_code,date,day,Region,Month,sugar_grams_m2,mean_garden_area_per_km2,sugar_grams_km2
HAN-01,8/03/2019,8,Hanham,March,0.006744402,19670,132.6623954
HAN-01,8/04/2019,39,Hanham,April,0.032225432,19670,633.8742382
HAN-01,7/05/2019,68,Hanham,May,0.003678895,19670,72.36387083
HAN-01,4/06/2019,96,Hanham,June,0.007226643,19670,142.1480671
HAN-01,4/07/2019,126,Hanham,July,0.007000314,19670,137.696171
HAN-01,12/08/2019,165,Hanham,August,0.004394442,19670,86.43867183
HAN-01,16/09/2019,200,Hanham,September,0.003572086,19670,70.26292352
HAN-01,18/10/2019,232,Hanham,October,0.003314408,19670,65.19441059
HAN-02,8/03/2019,8,Hanham,March,0.00895202,19670,176.0862312
HAN-02,8/04/2019,39,Hanham,April,0.003537362,19670,69.57990681
HAN-02,7/05/2019,68,Hanham,May,0.010908385,19670,214.5679309
HAN-02,4/06/2019,96,Hanham,June,0.012171486,19670,239.413126
HAN-02,4/07/2019,126,Hanham,July,0.014562426,19670,286.4429185
HAN-02,5/08/2019,158,Hanham,August,0.004138227,19670,81.39892632
HAN-02,3/09/2019,187,Hanham,September,0.004305295,19670,84.68514374
HAN-02,2/10/2019,216,Hanham,October,0.001857445,19670,36.53594759
HAN-03,28/03/2019,28,Hanham,March,0.004330001,19670,85.1711104
HAN-03,29/04/2019,60,Hanham,April,0.004005156,19670,78.78141517
HAN-03,30/05/2019,91,Hanham,May,0.007921684,19670,155.8195161
HAN-03,28/06/2019,120,Hanham,June,0.007332459,19670,144.2294729
HAN-03,29/07/2019,151,Hanham,July,0.007219146,19670,142.000611
HAN-03,27/08/2019,180,Hanham,August,0.005282201,19670,103.9008994
HAN-03,24/09/2019,208,Hanham,September,0.003917587,19670,77.0589273
HAN-03,28/10/2019,242,Hanham,October,0.003763839,19670,74.0347153
HAN-04,8/03/2019,8,Hanham,March,0.000162605,19670,3.198438031
HAN-04,8/04/2019,39,Hanham,April,0.00029088,19670,5.721604229
HAN-04,7/05/2019,68,Hanham,May,0.002159294,19670,42.47332113
HAN-04,4/06/2019,96,Hanham,June,0.002079064,19670,40.89519467
HAN-04,4/07/2019,126,Hanham,July,0.001100063,19670,21.63822968
HAN-04,5/08/2019,158,Hanham,August,0.001187104,19670,23.35032943
HAN-04,3/09/2019,187,Hanham,September,0.00133446,19670,26.24882478
HAN-04,2/10/2019,216,Hanham,October,0.000845841,19670,16.63769656
HAN-05,8/03/2019,8,Hanham,March,0.000398345,19670,7.835447165
HAN-05,8/04/2019,39,Hanham,April,0.002135816,19670,42.01150065
HAN-05,7/05/2019,68,Hanham,May,0.01453661,19670,285.9351133
HAN-05,4/06/2019,96,Hanham,June,0.006697091,19670,131.7317748
HAN-05,4/07/2019,126,Hanham,July,0.003360311,19670,66.09732336
HAN-05,5/08/2019,158,Hanham,August,0.0020563,19670,40.4474254
HAN-05,3/09/2019,187,Hanham,September,0.000835524,19670,16.4347628
HAN-05,2/10/2019,216,Hanham,October,0.001948401,19670,38.32505185
HAN-06,8/03/2019,8,Hanham,March,0.001094463,19670,21.52807938
HAN-06,8/04/2019,39,Hanham,April,0.03612685,19670,710.6151461
HAN-06,7/05/2019,68,Hanham,May,0.001824353,19670,35.88502976
HAN-06,4/06/2019,96,Hanham,June,0.01605216,19670,315.7459843
HAN-06,4/07/2019,126,Hanham,July,0.008455365,19670,166.317023
HAN-06,5/08/2019,158,Hanham,August,0.002806309,19670,55.20009245
HAN-06,3/09/2019,187,Hanham,September,0.001993447,19670,39.21109309
HAN-06,2/10/2019,216,Hanham,October,0.001661382,19670,32.6793865
HAN-07,28/03/2019,28,Hanham,March,0.019926198,19670,391.9483168
HAN-07,29/04/2019,60,Hanham,April,0.010884845,19670,214.1049027
HAN-07,30/05/2019,91,Hanham,May,0.003582561,19670,70.46897096
HAN-07,28/06/2019,120,Hanham,June,0.004214479,19670,82.89880843
HAN-07,29/07/2019,151,Hanham,July,0.012851121,19670,252.7815593
HAN-07,27/08/2019,180,Hanham,August,0.010305879,19670,202.7166466
HAN-07,24/09/2019,208,Hanham,September,0.007798806,19670,153.4025157
HAN-07,28/10/2019,242,Hanham,October,0.005767625,19670,113.4491836
HAN-08,13/03/2019,13,Hanham,March,0.007962002,19670,156.6125792
HAN-08,15/04/2019,46,Hanham,April,0.038005637,19670,747.5708812
HAN-08,13/05/2019,74,Hanham,May,0.019337021,19670,380.3592045
HAN-08,11/06/2019,103,Hanham,June,0.004238131,19670,83.36403036
HAN-08,11/07/2019,133,Hanham,July,0.008704686,19670,171.2211791
HAN-08,12/08/2019,165,Hanham,August,0.00727873,19670,143.1726145
HAN-08,16/09/2019,200,Hanham,September,0.008992472,19670,176.8819279
HAN-08,18/10/2019,232,Hanham,October,0.006939065,19670,136.4914118
HAN-09,28/03/2019,28,Hanham,March,0.055696007,19670,1095.540466
HAN-09,29/04/2019,60,Hanham,April,0.012116476,19670,238.3310901
HAN-09,30/05/2019,91,Hanham,May,0.019390626,19670,381.4136081
HAN-09,28/06/2019,120,Hanham,June,0.006986993,19670,137.4341538
HAN-09,29/07/2019,151,Hanham,July,0.018165134,19670,357.3081839
HAN-09,29/08/2019,182,Hanham,August,0.008284406,19670,162.9542727
HAN-09,24/09/2019,208,Hanham,September,0.006325826,19670,124.4289915
HAN-09,28/10/2019,242,Hanham,October,0.015552114,19670,305.9100765
HAN-10,13/03/2019,13,Hanham,March,0.012367357,19670,243.2659163
HAN-10,15/04/2019,46,Hanham,April,0.009244952,19670,181.8482076
HAN-10,13/05/2019,74,Hanham,May,0.003257507,19670,64.07515688
HAN-10,11/06/2019,103,Hanham,June,0.003041348,19670,59.82331602
HAN-10,11/07/2019,133,Hanham,July,0.01534798,19670,301.8947694
HAN-10,12/08/2019,165,Hanham,August,0.004019352,19670,79.06065532
HAN-10,16/09/2019,200,Hanham,September,0.000452561,19670,8.90187777
HAN-10,18/10/2019,232,Hanham,October,0.000502992,19670,9.893853915
HAN-11,13/03/2019,13,Hanham,March,0.001632342,19670,32.10816889
HAN-11,15/04/2019,46,Hanham,April,0.004419197,19670,86.92561016
HAN-11,13/05/2019,74,Hanham,May,0.015446383,19670,303.8303461
HAN-11,11/06/2019,103,Hanham,June,0.008779342,19670,172.6896485
HAN-11,11/07/2019,133,Hanham,July,0.017689759,19670,347.9575613
HAN-11,12/08/2019,165,Hanham,August,0.006829333,19670,134.3329823
HAN-11,16/09/2019,200,Hanham,September,0.014022555,19670,275.8236598
HAN-11,18/10/2019,232,Hanham,October,0.00454952,19670,89.4890499
HAN-12,28/03/2019,28,Hanham,March,0.005970436,19670,117.4384694
HAN-12,29/04/2019,60,Hanham,April,0.001485287,19670,29.21559119
HAN-12,30/05/2019,91,Hanham,May,0.006445716,19670,126.7872387
HAN-12,28/06/2019,120,Hanham,June,0.003695359,19670,72.68771646
HAN-12,29/07/2019,151,Hanham,July,0.003174902,19670,62.4503268
HAN-12,27/08/2019,180,Hanham,August,0.004749571,19670,93.42406815
HAN-12,24/09/2019,208,Hanham,September,0.005690716,19670,111.9363747
HAN-12,28/10/2019,242,Hanham,October,0.00227225,19670,44.69515939
HOR-01,7/03/2019,7,Horfield Common,March,0.007663619,19670,150.7433871
HOR-01,4/04/2019,35,Horfield Common,April,0.004252911,19670,83.65475014
HOR-01,3/05/2019,64,Horfield Common,May,0.047864578,19670,941.4962498
HOR-01,3/06/2019,95,Horfield Common,June,0.036609874,19670,720.1162127
HOR-01,3/07/2019,125,Horfield Common,July,0.051189015,19670,1006.887915
HOR-01,6/08/2019,159,Horfield Common,August,0.068662553,19670,1350.592417
HOR-01,3/09/2019,187,Horfield Common,September,0.060241185,19670,1184.944112
HOR-01,2/10/2019,216,Horfield Common,October,0.048924481,19670,962.344535
HOR-02,7/03/2019,7,Horfield Common,March,0.000625035,19670,12.29443326
HOR-02,4/04/2019,35,Horfield Common,April,0.00061322,19670,12.06203369
HOR-02,2/05/2019,63,Horfield Common,May,0.002417597,19670,47.55414113
HOR-02,7/06/2019,99,Horfield Common,June,0.007622388,19670,149.9323744
HOR-02,8/07/2019,130,Horfield Common,July,0.007761334,19670,152.6654353
HOR-02,6/08/2019,159,Horfield Common,August,0.002465135,19670,48.48919896
HOR-02,2/09/2019,186,Horfield Common,September,0.00252877,19670,49.74091232
HOR-02,2/10/2019,216,Horfield Common,October,0.000848231,19670,16.68470139
HOR-03,7/03/2019,7,Horfield Common,March,4.50E-06,19670,0.088502629
HOR-03,4/04/2019,35,Horfield Common,April,0.000592283,19670,11.6502008
HOR-03,2/05/2019,63,Horfield Common,May,0.044369981,19670,872.7575351
HOR-03,3/06/2019,95,Horfield Common,June,0.08623699,19670,1696.281598
HOR-03,3/07/2019,125,Horfield Common,July,0.003258273,19670,64.09023523
HOR-03,6/08/2019,159,Horfield Common,August,0.003005172,19670,59.1117273
HOR-03,3/09/2019,187,Horfield Common,September,0.001417275,19670,27.87779616
HOR-03,2/10/2019,216,Horfield Common,October,3.08E-06,19670,0.060618239
HOR-04,7/03/2019,7,Horfield Common,March,0.002114204,19670,41.58639352
HOR-04,4/04/2019,35,Horfield Common,April,0.004153063,19670,81.69074802
HOR-04,3/05/2019,64,Horfield Common,May,0.017486925,19670,343.9678129
HOR-04,3/06/2019,95,Horfield Common,June,0.027545347,19670,541.8169768
HOR-04,3/07/2019,125,Horfield Common,July,0.073063955,19670,1437.167989
HOR-04,6/08/2019,159,Horfield Common,August,0.021051683,19670,414.0866121
HOR-04,3/09/2019,187,Horfield Common,September,0.010585805,19670,208.2227851
HOR-04,2/10/2019,216,Horfield Common,October,0.00983811,19670,193.515624
HOR-05,7/03/2019,7,Horfield Common,March,0.00415674,19670,81.76308533
HOR-05,4/04/2019,35,Horfield Common,April,0.007112527,19670,139.9034063
HOR-05,2/05/2019,63,Horfield Common,May,0.017980803,19670,353.6824018
HOR-05,3/06/2019,95,Horfield Common,June,0.008766984,19670,172.4465762
HOR-05,3/07/2019,125,Horfield Common,July,0.009934926,19670,195.4200037
HOR-05,6/08/2019,159,Horfield Common,August,0.011572513,19670,227.6313265
HOR-05,3/09/2019,187,Horfield Common,September,0.009141578,19670,179.8148477
HOR-05,2/10/2019,216,Horfield Common,October,0.00589532,19670,115.9609514
HOR-06,14/03/2019,14,Horfield Common,March,0.002119004,19670,41.68080485
HOR-06,24/04/2019,55,Horfield Common,April,0.026740142,19670,525.9785946
HOR-06,23/05/2019,84,Horfield Common,May,0.018309307,19670,360.1440627
HOR-06,24/06/2019,116,Horfield Common,June,0.021639171,19670,425.6424984
HOR-06,31/07/2019,153,Horfield Common,July,0.012093329,19670,237.8757752
HOR-06,29/08/2019,182,Horfield Common,August,0.004801329,19670,94.44213518
HOR-06,25/09/2019,209,Horfield Common,September,0.0075565,19670,148.6363536
HOR-06,25/10/2019,239,Horfield Common,October,0.004771652,19670,93.85839778
HOR-07,27/03/2019,27,Horfield Common,March,0.013678217,19670,269.0505278
HOR-07,25/04/2019,56,Horfield Common,April,0.025255916,19670,496.7838598
HOR-07,23/05/2019,84,Horfield Common,May,0.043979009,19670,865.0671027
HOR-07,27/06/2019,119,Horfield Common,June,0.041742367,19670,821.0723497
HOR-07,25/07/2019,147,Horfield Common,July,0.071626529,19670,1408.893824
HOR-07,23/08/2019,176,Horfield Common,August,0.046468943,19670,914.0441033
HOR-07,25/09/2019,209,Horfield Common,September,0.023072064,19670,453.8274951
HOR-07,25/10/2019,239,Horfield Common,October,0.020905801,19670,411.2170975
HOR-08,27/03/2019,27,Horfield Common,March,0.011568061,19670,227.5437588
HOR-08,25/04/2019,56,Horfield Common,April,0.016381607,19670,322.2262188
HOR-08,23/05/2019,84,Horfield Common,May,0.039488427,19670,776.737366
HOR-08,24/06/2019,116,Horfield Common,June,0.056120801,19670,1103.896149
HOR-08,25/07/2019,147,Horfield Common,July,0.081756776,19670,1608.15579
HOR-08,23/08/2019,176,Horfield Common,August,0.032174843,19670,632.8791582
HOR-08,25/09/2019,209,Horfield Common,September,0.029171966,19670,573.8125646
HOR-08,25/10/2019,239,Horfield Common,October,0.025764383,19670,506.7854096
HOR-09,26/03/2019,26,Horfield Common,March,0.034426113,19670,677.1616439
HOR-09,25/04/2019,56,Horfield Common,April,0.006374592,19670,125.3882211
HOR-09,24/05/2019,85,Horfield Common,May,0.00863449,19670,169.8404152
HOR-09,24/06/2019,116,Horfield Common,June,0.034235232,19670,673.4070172
HOR-09,26/07/2019,148,Horfield Common,July,0.002879899,19670,56.64760965
HOR-09,23/08/2019,176,Horfield Common,August,0.002801492,19670,55.10534671
HOR-09,29/09/2019,213,Horfield Common,September,0.001926382,19670,37.89193249
HOR-09,25/10/2019,239,Horfield Common,October,0.003375828,19670,66.40254652
HOR-10,26/03/2019,26,Horfield Common,March,0.00017896,19670,3.520150749
HOR-10,25/04/2019,56,Horfield Common,April,2.75E-05,19670,0.541077197
HOR-10,23/05/2019,84,Horfield Common,May,0.000887805,19670,17.46311854
HOR-10,24/06/2019,116,Horfield Common,June,0.011359561,19670,223.4425643
HOR-10,25/07/2019,147,Horfield Common,July,0.005986002,19670,117.7446626
HOR-10,23/08/2019,176,Horfield Common,August,0.005302159,19670,104.2934753
HOR-10,25/09/2019,209,Horfield Common,September,0.007687497,19670,151.2130611
HOR-10,25/10/2019,239,Horfield Common,October,0.031969138,19670,628.8329482
KNO-01,5/03/2019,5,Knowle,March,0.01180804,19670,232.2641412
KNO-01,2/04/2019,33,Knowle,April,0.007014337,19670,137.9720106
KNO-01,2/05/2019,63,Knowle,May,0.015756012,19670,309.9207469
KNO-01,3/06/2019,95,Knowle,June,0.021019957,19670,413.4625562
KNO-01,5/07/2019,127,Knowle,July,0.020621264,19670,405.6202673
KNO-01,6/08/2019,159,Knowle,August,0.037639131,19670,740.361698
KNO-01,4/09/2019,188,Knowle,September,0.023203236,19670,456.4076608
KNO-01,3/10/2019,217,Knowle,October,0.025818572,19670,507.8513048
KNO-02,5/03/2019,5,Knowle,March,3.51E-05,19670,0.690489356
KNO-02,2/04/2019,33,Knowle,April,9.31E-05,19670,1.830404351
KNO-02,2/05/2019,63,Knowle,May,6.99E-05,19670,1.375691064
KNO-02,2/06/2019,94,Knowle,June,0.000187765,19670,3.693337975
KNO-02,5/07/2019,127,Knowle,July,0.003882451,19670,76.3678197
KNO-02,6/08/2019,159,Knowle,August,5.82E-05,19670,1.144361924
KNO-02,4/09/2019,188,Knowle,September,5.31E-05,19670,1.043703487
KNO-02,3/10/2019,217,Knowle,October,3.34E-06,19670,0.065654644
KNO-03,5/03/2019,5,Knowle,March,8.61E-07,19670,0.016926938
KNO-03,2/04/2019,33,Knowle,April,0.000209232,19670,4.115588754
KNO-03,2/05/2019,63,Knowle,May,4.09E-07,19670,0.008046153
KNO-03,3/06/2019,95,Knowle,June,8.48E-05,19670,1.668731051
KNO-03,5/07/2019,127,Knowle,July,0.000164188,19670,3.229572396
KNO-03,6/08/2019,159,Knowle,August,0.000214923,19670,4.227536923
KNO-03,4/09/2019,188,Knowle,September,0.000150205,19670,2.954524297
KNO-03,3/10/2019,217,Knowle,October,9.69E-05,19670,1.90509319
KNO-04,5/03/2019,5,Knowle,March,2.39E-05,19670,0.469502458
KNO-04,2/04/2019,33,Knowle,April,0.000468242,19670,9.210318423
KNO-04,2/05/2019,63,Knowle,May,0.000502122,19670,9.876732734
KNO-04,10/06/2019,102,Knowle,June,0.00056771,19670,11.166852
KNO-04,5/07/2019,127,Knowle,July,0.000253385,19670,4.984081106
KNO-04,6/08/2019,159,Knowle,August,0.000166449,19670,3.274044192
KNO-04,4/09/2019,188,Knowle,September,0.000257121,19670,5.057571465
KNO-04,3/10/2019,217,Knowle,October,0.000290341,19670,5.71100266
KNO-05,27/03/2019,27,Knowle,March,0.027185453,19670,534.7378686
KNO-05,29/04/2019,60,Knowle,April,0.007863562,19670,154.6762577
KNO-05,27/05/2019,88,Knowle,May,0.001426945,19670,28.06800161
KNO-05,28/06/2019,120,Knowle,June,0.002020949,19670,39.75206647
KNO-05,31/07/2019,153,Knowle,July,0.004357622,19670,85.71441545
KNO-05,27/08/2019,180,Knowle,August,0.002299341,19670,45.22803605
KNO-05,24/09/2019,208,Knowle,September,0.000244652,19670,4.812309944
KNO-05,28/10/2019,242,Knowle,October,0.000335921,19670,6.607559622
KNO-06,27/03/2019,27,Knowle,March,0.000107257,19670,2.109736787
KNO-06,29/04/2019,60,Knowle,April,0.002487878,19670,48.93656945
KNO-06,27/05/2019,88,Knowle,May,0.000937249,19670,18.43568361
KNO-06,28/06/2019,120,Knowle,June,0.003432557,19670,67.51839233
KNO-06,31/07/2019,153,Knowle,July,0.003023288,19670,59.46808103
KNO-06,29/08/2019,182,Knowle,August,0.00034635,19670,6.812713752
KNO-06,24/09/2019,208,Knowle,September,0.00140085,19670,27.55471689
KNO-06,23/10/2019,237,Knowle,October,0.000229278,19670,4.509895659
KNO-07,27/03/2019,27,Knowle,March,0.002351079,19670,46.24573242
KNO-07,29/04/2019,60,Knowle,April,0.002790111,19670,54.88149141
KNO-07,27/05/2019,88,Knowle,May,0.001606642,19670,31.60265146
KNO-07,28/06/2019,120,Knowle,June,0.002361947,19670,46.45950413
KNO-07,29/07/2019,151,Knowle,July,0.012098733,19670,237.9820817
KNO-07,29/08/2019,182,Knowle,August,0.001850343,19670,36.39624654
KNO-07,24/09/2019,208,Knowle,September,0.000376011,19670,7.39613062
KNO-07,23/10/2019,237,Knowle,October,0.000733054,19670,14.41918033
MON-01,4/03/2019,4,Montpelier,March,0.004678626,19670,92.02856787
MON-01,1/04/2019,32,Montpelier,April,0.014650845,19670,288.1821134
MON-01,3/05/2019,64,Montpelier,May,0.011596827,19670,228.1095882
MON-01,3/06/2019,95,Montpelier,June,0.081096862,19670,1595.175266
MON-01,4/07/2019,126,Montpelier,July,0.11232892,19670,2209.509861
MON-01,5/08/2019,158,Montpelier,August,0.034246239,19670,673.6235272
MON-01,2/09/2019,186,Montpelier,September,0.020716235,19670,407.4883457
MON-01,3/10/2019,217,Montpelier,October,0.073321578,19670,1442.235436
MON-02,4/03/2019,4,Montpelier,March,0.001053275,19670,20.71792777
MON-02,1/04/2019,32,Montpelier,April,0.001896107,19670,37.29641686
MON-02,3/05/2019,64,Montpelier,May,0.020748634,19670,408.1256241
MON-02,3/06/2019,95,Montpelier,June,0.027956676,19670,549.907809
MON-02,8/07/2019,130,Montpelier,July,0.027077711,19670,532.6185761
MON-02,5/08/2019,158,Montpelier,August,0.02440267,19670,480.0005278
MON-02,2/09/2019,186,Montpelier,September,0.015174221,19670,298.476928
MON-02,3/10/2019,217,Montpelier,October,0.008877726,19670,174.6248688
MON-03,4/03/2019,4,Montpelier,March,0.003177921,19670,62.50970425
MON-03,1/04/2019,32,Montpelier,April,0.006865099,19670,135.0364918
MON-03,3/05/2019,64,Montpelier,May,0.025229334,19670,496.2609944
MON-03,3/06/2019,95,Montpelier,June,0.022189968,19670,436.4766637
MON-03,5/07/2019,127,Montpelier,July,0.014651517,19670,288.1953348
MON-03,5/08/2019,158,Montpelier,August,0.039496833,19670,776.9027
MON-03,9/09/2019,193,Montpelier,September,0.011202323,19670,220.349693
MON-03,9/10/2019,223,Montpelier,October,0.012526388,19670,246.3940572
MON-04,4/03/2019,4,Montpelier,March,0.009100157,19670,179.0000879
MON-04,3/04/2019,34,Montpelier,April,0.031267764,19670,615.0369135
MON-04,3/05/2019,64,Montpelier,May,0.038881099,19670,764.7912095
MON-04,12/06/2019,104,Montpelier,June,0.025965528,19670,510.741927
MON-04,10/07/2019,132,Montpelier,July,0.055353055,19670,1088.7946
MON-04,12/08/2019,165,Montpelier,August,0.016720754,19670,328.8972301
MON-04,9/09/2019,193,Montpelier,September,0.029762795,19670,585.4341787
MON-04,9/10/2019,223,Montpelier,October,0.04349899,19670,855.6251366
MON-05,4/03/2019,4,Montpelier,March,0.004576327,19670,90.01636031
MON-05,1/04/2019,32,Montpelier,April,0.007019046,19670,138.0646352
MON-05,3/05/2019,64,Montpelier,May,0.006926053,19670,136.235455
MON-05,6/06/2019,98,Montpelier,June,0.018202894,19670,358.0509291
MON-05,4/07/2019,126,Montpelier,July,0.014246024,19670,280.2192841
MON-05,5/08/2019,158,Montpelier,August,0.005762113,19670,113.3407603
MON-05,2/09/2019,186,Montpelier,September,0.007311072,19670,143.8087825
MON-05,3/10/2019,217,Montpelier,October,0.021137088,19670,415.7665246
MON-06,13/03/2019,13,Montpelier,March,0.000954411,19670,18.77326343
MON-06,11/04/2019,42,Montpelier,April,0.002193784,19670,43.1517369
MON-06,16/05/2019,77,Montpelier,May,0.002703204,19670,53.1720283
MON-06,13/06/2019,105,Montpelier,June,0.003323407,19670,65.3714185
MON-06,16/07/2019,138,Montpelier,July,0.011691247,19670,229.9668313
MON-06,20/08/2019,173,Montpelier,August,0.006775623,19670,133.2765141
MON-06,18/09/2019,202,Montpelier,September,0.004006054,19670,78.79907999
MON-06,21/10/2019,235,Montpelier,October,0.001546051,19670,30.41082067
MON-07,13/03/2019,13,Montpelier,March,0.004539348,19670,89.28897836
MON-07,11/04/2019,42,Montpelier,April,0.008602036,19670,169.2020568
MON-07,16/05/2019,77,Montpelier,May,0.016303951,19670,320.6987123
MON-07,12/06/2019,104,Montpelier,June,0.017433325,19670,342.9135044
MON-07,16/07/2019,138,Montpelier,July,0.03936771,19670,774.3628495
MON-07,15/08/2019,168,Montpelier,August,0.025887829,19670,509.2135941
MON-07,18/09/2019,202,Montpelier,September,0.013863258,19670,272.6902753
MON-07,25/10/2019,239,Montpelier,October,0.011878073,19670,233.6416966
MON-08,21/03/2019,21,Montpelier,March,0.021034385,19670,413.7463567
MON-08,25/04/2019,56,Montpelier,April,0.025625131,19670,504.0463222
MON-08,24/05/2019,85,Montpelier,May,0.008593184,19670,169.0279301
MON-08,24/06/2019,116,Montpelier,June,0.01407666,19670,276.8879028
MON-08,22/07/2019,144,Montpelier,July,0.024378393,19670,479.5229993
MON-08,19/08/2019,172,Montpelier,August,0.006742063,19670,132.6163703
MON-08,18/09/2019,202,Montpelier,September,0.002325051,19670,45.73375966
MON-08,21/10/2019,235,Montpelier,October,0.009259897,19670,182.1421835
MON-09,21/03/2019,21,Montpelier,March,0.015631358,19670,307.4688035
MON-09,24/04/2019,55,Montpelier,April,0.011668888,19670,229.5270319
MON-09,23/05/2019,84,Montpelier,May,0.012519455,19670,246.2576843
MON-09,24/06/2019,116,Montpelier,June,0.009505463,19670,186.9724555
MON-09,22/07/2019,144,Montpelier,July,0.010834114,19670,213.1070204
MON-09,20/08/2019,173,Montpelier,August,0.004962999,19670,97.62218235
MON-09,18/09/2019,202,Montpelier,September,0.00262496,19670,51.63295956
MON-09,21/10/2019,235,Montpelier,October,0.005574377,19670,109.64799
MON-10,21/03/2019,21,Montpelier,March,0.003905834,19670,76.82774619
MON-10,18/04/2019,49,Montpelier,April,0.012159589,19670,239.1791172
MON-10,13/05/2019,74,Montpelier,May,0.004417772,19670,86.89758461
MON-10,24/06/2019,116,Montpelier,June,0.005995687,19670,117.9351575
MON-10,22/07/2019,144,Montpelier,July,0.011785232,19670,231.8155176
MON-10,23/08/2019,176,Montpelier,August,0.005746513,19670,113.0339072
MON-10,27/09/2019,211,Montpelier,September,0.002969724,19670,58.41447258
MON-10,29/10/2019,243,Montpelier,October,0.007272532,19670,143.0507097
MON-11,21/03/2019,21,Montpelier,March,0.006296716,19670,123.8563961
MON-11,18/04/2019,49,Montpelier,April,0.003412813,19670,67.13003894
MON-11,16/05/2019,77,Montpelier,May,0.005800562,19670,114.0970553
MON-11,13/06/2019,105,Montpelier,June,0.00794046,19670,156.1888462
MON-11,18/07/2019,140,Montpelier,July,0.013687314,19670,269.229472
MON-11,20/08/2019,173,Montpelier,August,0.004412271,19670,86.789379
MON-11,18/09/2019,202,Montpelier,September,0.003113153,19670,61.23572674
MON-11,23/10/2019,237,Montpelier,October,0.000861928,19670,16.95411493
MON-12,27/03/2019,27,Montpelier,March,0.01963627,19670,386.2454314
MON-12,24/04/2019,55,Montpelier,April,0.086983049,19670,1710.956581
MON-12,27/05/2019,88,Montpelier,May,0.003806042,19670,74.86484322
MON-12,24/06/2019,116,Montpelier,June,0.006617819,19670,130.1724989
MON-12,22/07/2019,144,Montpelier,July,0.010164937,19670,199.9443027
MON-12,23/08/2019,176,Montpelier,August,0.004415368,19670,86.85029061
MON-12,27/09/2019,211,Montpelier,September,0.004885835,19670,96.10437077
MON-12,29/10/2019,243,Montpelier,October,0.00127517,19670,25.08260109
MON-13,21/03/2019,21,Montpelier,March,0.000737215,19670,14.50101126
MON-13,18/04/2019,49,Montpelier,April,0.002413243,19670,47.46848825
MON-13,13/05/2019,74,Montpelier,May,0.002032505,19670,39.97937299
MON-13,12/06/2019,104,Montpelier,June,0.003317268,19670,65.25066078
MON-13,16/07/2019,138,Montpelier,July,0.005390102,19670,106.023301
MON-13,15/08/2019,168,Montpelier,August,0.003105179,19670,61.07886471
MON-13,18/09/2019,202,Montpelier,September,0.001264799,19670,24.8785995
MON-13,21/10/2019,235,Montpelier,October,0.001798819,19670,35.38277403
SOU-01,6/03/2019,6,Southmead,March,0.014870434,19670,292.5014346
SOU-01,4/04/2019,35,Southmead,April,0.018133161,19670,356.6792697
SOU-01,9/05/2019,70,Southmead,May,0.021193418,19670,416.8745341
SOU-01,6/06/2019,98,Southmead,June,0.017463862,19670,343.5141654
SOU-01,10/07/2019,132,Southmead,July,0.04401951,19670,865.8637707
SOU-01,8/08/2019,161,Southmead,August,0.040175629,19670,790.2546249
SOU-01,6/09/2019,190,Southmead,September,0.019488763,19670,383.3439693
SOU-01,8/10/2019,222,Southmead,October,0.018304623,19670,360.0519437
SOU-02,6/03/2019,6,Southmead,March,0.086537326,19670,1702.18921
SOU-02,4/04/2019,35,Southmead,April,0.054893848,19670,1079.761997
SOU-02,9/05/2019,70,Southmead,May,0.08701637,19670,1711.612004
SOU-02,6/06/2019,98,Southmead,June,0.006230179,19670,122.5476236
SOU-02,10/07/2019,132,Southmead,July,0.011008441,19670,216.5360255
SOU-02,8/08/2019,161,Southmead,August,0.022151588,19670,435.7217284
SOU-02,6/09/2019,190,Southmead,September,0.015948709,19670,313.7110975
SOU-02,8/10/2019,222,Southmead,October,0.016926224,19670,332.9388345
SOU-03,26/03/2019,26,Southmead,March,0.000142185,19670,2.796785878
SOU-03,30/04/2019,61,Southmead,April,0.000387178,19670,7.615783791
SOU-03,31/05/2019,92,Southmead,May,0.000195516,19670,3.845801849
SOU-03,25/06/2019,117,Southmead,June,0.002292317,19670,45.08987137
SOU-03,26/07/2019,148,Southmead,July,0.006118078,19670,120.3425978
SOU-03,30/08/2019,183,Southmead,August,7.61E-05,19670,1.495959265
SOU-03,27/09/2019,211,Southmead,September,2.30E-05,19670,0.451603091
SOU-03,28/10/2019,242,Southmead,October,8.59E-05,19670,1.690276559
SOU-04,26/03/2019,26,Southmead,March,0.009907446,19670,194.8794718
SOU-04,30/04/2019,61,Southmead,April,0.003922687,19670,77.15925732
SOU-04,29/05/2019,90,Southmead,May,0.006168709,19670,121.3385149
SOU-04,25/06/2019,117,Southmead,June,0.005480436,19670,107.800174
SOU-04,26/07/2019,148,Southmead,July,0.014923715,19670,293.5494784
SOU-04,30/08/2019,183,Southmead,August,0.006729876,19670,132.3766593
SOU-04,27/09/2019,211,Southmead,September,0.006646981,19670,130.7461247
SOU-04,28/10/2019,242,Southmead,October,0.003104524,19670,61.06599513
SOU-05,29/03/2019,29,Southmead,March,0.000925159,19670,18.19786891
SOU-05,30/04/2019,61,Southmead,April,0.002505619,19670,49.28552624
SOU-05,29/05/2019,90,Southmead,May,0.005111149,19670,100.5363096
SOU-05,25/06/2019,117,Southmead,June,0.004398025,19670,86.50915103
SOU-05,26/07/2019,148,Southmead,July,0.002583946,19670,50.82621158
SOU-05,30/08/2019,183,Southmead,August,0.003273155,19670,64.38296722
SOU-05,27/09/2019,211,Southmead,September,0.00104776,19670,20.60943969
SOU-05,28/10/2019,242,Southmead,October,0.000414504,19670,8.153302596
WES-01,11/03/2019,11,Westbury Park,March,0.00907332,19670,178.4722111
WES-01,9/04/2019,40,Westbury Park,April,0.00428106,19670,84.208446
WES-01,9/05/2019,70,Westbury Park,May,0.014555976,19670,286.3160572
WES-01,6/06/2019,98,Westbury Park,June,0.005980284,19670,117.6321844
WES-01,8/07/2019,130,Westbury Park,July,0.005920507,19670,116.4563822
WES-01,8/08/2019,161,Westbury Park,August,0.00325222,19670,63.97117038
WES-01,6/09/2019,190,Westbury Park,September,0.002610457,19670,51.34769802
WES-01,9/10/2019,223,Westbury Park,October,0.001579833,19670,31.07531541
WES-02,11/03/2019,11,Westbury Park,March,0.005381334,19670,105.850837
WES-02,9/04/2019,40,Westbury Park,April,0.002195038,19670,43.17639771
WES-02,9/05/2019,70,Westbury Park,May,0.013945748,19670,274.3128696
WES-02,12/06/2019,104,Westbury Park,June,0.018190737,19670,357.8117979
WES-02,16/07/2019,138,Westbury Park,July,0.02466369,19670,485.1347797
WES-02,15/08/2019,168,Westbury Park,August,0.010234074,19670,201.3042368
WES-02,16/09/2019,200,Westbury Park,September,0.010404996,19670,204.6662675
WES-02,18/10/2019,232,Westbury Park,October,0.005785037,19670,113.7916694
WES-03,11/03/2019,11,Westbury Park,March,0.026611523,19670,523.4486571
WES-03,9/04/2019,40,Westbury Park,April,0.07208805,19670,1417.971936
WES-03,7/05/2019,68,Westbury Park,May,0.007687291,19670,151.2090182
WES-03,12/06/2019,104,Westbury Park,June,0.022340111,19670,439.429977
WES-03,16/07/2019,138,Westbury Park,July,0.024656241,19670,484.9882669
WES-03,15/08/2019,168,Westbury Park,August,0.026799248,19670,527.1412179
WES-03,17/09/2019,201,Westbury Park,September,0.029002741,19670,570.4839078
WES-03,18/10/2019,232,Westbury Park,October,0.0297276,19670,584.7418943
WES-04,11/03/2019,11,Westbury Park,March,0.005077002,19670,99.86461951
WES-04,11/04/2019,42,Westbury Park,April,0.014670089,19670,288.560641
WES-04,9/05/2019,70,Westbury Park,May,0.002882547,19670,56.6996927
WES-04,12/06/2019,104,Westbury Park,June,0.071760114,19670,1411.52144
WES-04,22/07/2019,144,Westbury Park,July,0.019587587,19670,385.2878394
WES-04,19/08/2019,172,Westbury Park,August,0.001586035,19670,31.19731049
WES-04,23/09/2019,207,Westbury Park,September,0.005976148,19670,117.5508265
WES-04,23/10/2019,237,Westbury Park,October,0.00759688,19670,149.4306205
WES-05,6/03/2019,6,Westbury Park,March,0.010825945,19670,212.9463412
WES-05,3/04/2019,34,Westbury Park,April,0.06359975,19670,1251.007076
WES-05,2/05/2019,63,Westbury Park,May,0.039886181,19670,784.5611728
WES-05,4/06/2019,96,Westbury Park,June,0.038452265,19670,756.3560464
WES-05,8/07/2019,130,Westbury Park,July,0.028432926,19670,559.2756523
WES-05,12/08/2019,165,Westbury Park,August,0.012920496,19670,254.1461541
WES-05,16/09/2019,200,Westbury Park,September,0.018783849,19670,369.4783021
WES-05,18/10/2019,232,Westbury Park,October,0.007782828,19670,153.0882272
WES-06,6/03/2019,6,Westbury Park,March,0.000250668,19670,4.930639829
WES-06,3/04/2019,34,Westbury Park,April,0.000883176,19670,17.37207151
WES-06,2/05/2019,63,Westbury Park,May,0.010403207,19670,204.6310791
WES-06,4/06/2019,96,Westbury Park,June,0.010591506,19670,208.3349288
WES-06,8/07/2019,130,Westbury Park,July,0.007329599,19670,144.1732048
WES-06,8/08/2019,161,Westbury Park,August,0.004433185,19670,87.20075036
WES-06,6/09/2019,190,Westbury Park,September,0.002583641,19670,50.82021558
WES-06,9/10/2019,223,Westbury Park,October,0.000697269,19670,13.71527589
WES-07,11/03/2019,11,Westbury Park,March,0.002024931,19670,39.83038586
WES-07,9/04/2019,40,Westbury Park,April,0.002973919,19670,58.49698484
WES-07,9/05/2019,70,Westbury Park,May,0.00851697,19670,167.5287923
WES-07,6/06/2019,98,Westbury Park,June,0.070237489,19670,1381.571409
WES-07,8/07/2019,130,Westbury Park,July,0.025939753,19670,510.2349375
WES-07,8/08/2019,161,Westbury Park,August,0.01464593,19670,288.0854485
WES-07,6/09/2019,190,Westbury Park,September,0.019549631,19670,384.5412503
WES-07,9/10/2019,223,Westbury Park,October,0.012131782,19670,238.6321459
WES-08,15/03/2019,15,Westbury Park,March,0.003533727,19670,69.50841405
WES-08,15/04/2019,46,Westbury Park,April,0.003312455,19670,65.15598411
WES-08,13/05/2019,74,Westbury Park,May,0.007066311,19670,138.9943284
WES-08,11/06/2019,103,Westbury Park,June,0.008218099,19670,161.650004
WES-08,15/07/2019,137,Westbury Park,July,0.012181706,19670,239.6141664
WES-08,15/08/2019,168,Westbury Park,August,0.01277335,19670,251.2518003
WES-08,17/09/2019,201,Westbury Park,September,0.013631805,19670,268.1376001
WES-08,18/10/2019,232,Westbury Park,October,0.006938883,19670,136.4878324
WES-09,14/03/2019,14,Westbury Park,March,0.006397805,19670,125.8448286
WES-09,15/04/2019,46,Westbury Park,April,0.002975681,19670,58.53163757
WES-09,13/05/2019,74,Westbury Park,May,0.003706115,19670,72.89927628
WES-09,11/06/2019,103,Westbury Park,June,0.000682537,19670,13.42549843
WES-09,15/07/2019,137,Westbury Park,July,0.003767225,19670,74.10132086
WES-09,15/08/2019,168,Westbury Park,August,0.006927238,19670,136.2587764
WES-09,17/09/2019,201,Westbury Park,September,0.000244517,19670,4.809652729
WES-09,18/10/2019,232,Westbury Park,October,0.000200343,19670,3.940755536
WES-10,14/03/2019,14,Westbury Park,March,0.000191327,19670,3.763398736
WES-10,15/04/2019,46,Westbury Park,April,0.005667327,19670,111.4763205
WES-10,13/05/2019,74,Westbury Park,May,0.043500907,19670,855.6628407
WES-10,11/06/2019,103,Westbury Park,June,0.040989874,19670,806.2708118
WES-10,15/07/2019,137,Westbury Park,July,0.041455424,19670,815.428183
WES-10,15/08/2019,168,Westbury Park,August,0.01981901,19670,389.8399292
WES-10,17/09/2019,201,Westbury Park,September,0.01721647,19670,338.6479578
WES-10,18/10/2019,232,Westbury Park,October,0.035139709,19670,691.1980716
WES-11,21/03/2019,21,Westbury Park,March,0.001073398,19670,21.1137484
WES-11,27/04/2019,58,Westbury Park,April,0.007770437,19670,152.8444991
WES-11,29/05/2019,90,Westbury Park,May,0.011174108,19670,219.794709
WES-11,27/06/2019,119,Westbury Park,June,0.004684556,19670,92.14521845
WES-11,26/07/2019,148,Westbury Park,July,0.001877594,19670,36.93226841
WES-11,27/08/2019,180,Westbury Park,August,0.002084145,19670,40.9951334
WES-11,23/09/2019,207,Westbury Park,September,0.002580166,19670,50.75185843
WES-11,23/10/2019,237,Westbury Park,October,0.00026434,19670,5.199570812
WES-12,26/03/2019,26,Westbury Park,March,0.009624138,19670,189.3068021
WES-12,25/04/2019,56,Westbury Park,April,0.031556017,19670,620.7068635
WES-12,30/05/2019,91,Westbury Park,May,0.043497102,19670,855.588001
WES-12,27/06/2019,119,Westbury Park,June,0.015837905,19670,311.5315822
WES-12,26/07/2019,148,Westbury Park,July,0.012416164,19670,244.2259463
WES-12,27/08/2019,180,Westbury Park,August,0.008764678,19670,172.4012209
WES-12,23/09/2019,207,Westbury Park,September,0.006259915,19670,123.1325268
WES-12,23/10/2019,237,Westbury Park,October,0.005151028,19670,101.3207277
